empresa,juego,n,Baja,Media,Alta,Crítica,bandas_usadas
S01,E,7,2,3,2,0,3
S01,B,7,2,3,2,0,3
S01,D,7,5,0,2,0,2
S02,E,6,0,4,2,0,2
S02,B,6,0,2,4,0,2
S02,D,6,2,2,2,0,3
S03,E,7,1,3,2,1,4
S03,B,7,1,2,3,1,4
S03,D,7,3,1,2,1,4
S04,E,7,1,6,0,0,2
S04,B,7,1,5,1,0,3
S04,D,7,3,4,0,0,2
S05,E,6,0,4,1,1,3
S05,B,6,0,3,2,1,3
S05,D,6,3,1,1,1,4
S06,E,6,1,1,1,3,4
S06,B,6,1,0,2,3,3
S06,D,6,1,1,1,3,4
S07,E,8,0,5,3,0,2
S07,B,8,0,2,6,0,2
S07,D,8,2,3,3,0,3
S08,E,7,0,3,3,1,3
S08,B,7,0,0,6,1,2
S08,D,7,0,3,3,1,3
S09,E,7,0,5,2,0,2
S09,B,7,0,4,3,0,2
S09,D,7,3,2,2,0,3
S10,E,6,0,1,5,0,2
S10,B,6,0,1,5,0,2
S10,D,6,1,0,5,0,2
S11,E,7,0,5,1,1,3
S11,B,7,0,4,2,1,3
S11,D,7,4,1,1,1,4
S12,E,6,0,5,0,1,2
S12,B,6,0,2,3,1,3
S12,D,6,0,5,0,1,2
S13,E,6,0,4,2,0,2
S13,B,6,0,2,4,0,2
S13,D,6,1,3,2,0,3
S14,E,7,0,6,1,0,2
S14,B,7,0,2,5,0,2
S14,D,7,1,5,1,0,3
S15,E,6,0,4,2,0,2
S15,B,6,0,2,4,0,2
S15,D,6,1,3,2,0,3
S16,E,6,0,4,2,0,2
S16,B,6,0,3,3,0,2
S16,D,6,2,2,2,0,3
S17,E,5,0,4,1,0,2
S17,B,5,0,2,3,0,2
S17,D,5,2,2,1,0,3
S18,E,7,0,7,0,0,1
S18,B,7,0,5,2,0,2
S18,D,7,4,3,0,0,2
S19,E,6,2,3,1,0,3
S19,B,6,2,0,4,0,2
S19,D,6,2,3,1,0,3
S20,E,6,1,2,2,1,4
S20,B,6,1,1,3,1,4
S20,D,6,2,1,2,1,4
S21,E,8,0,6,2,0,2
S21,B,8,0,3,5,0,2
S21,D,8,2,4,2,0,3
S22,E,7,2,4,1,0,3
S22,B,7,2,1,4,0,3
S22,D,7,3,3,1,0,3
S23,E,5,0,1,1,3,3
S23,B,5,0,1,1,3,3
S23,D,5,1,0,1,3,3
S24,E,5,0,3,1,1,3
S24,B,5,0,2,2,1,3
S24,D,5,2,1,1,1,4
S25,E,6,2,4,0,0,2
S25,B,6,2,2,2,0,3
S25,D,6,3,3,0,0,2
S26,E,7,1,5,0,1,3
S26,B,7,1,3,2,1,4
S26,D,7,3,3,0,1,3
S27,E,6,1,4,1,0,3
S27,B,6,1,1,4,0,3
S27,D,6,2,3,1,0,3
S28,E,7,1,3,2,1,4
S28,B,7,1,2,3,1,4
S28,D,7,3,1,2,1,4
S29,E,5,2,3,0,0,2
S29,B,5,2,2,1,0,3
S29,D,5,3,2,0,0,2
S30,E,6,2,4,0,0,2
S30,B,6,2,4,0,0,2
S30,D,6,6,0,0,0,1
S31,E,6,0,6,0,0,1
S31,B,6,0,3,3,0,2
S31,D,6,2,4,0,0,2
S32,E,5,0,4,1,0,2
S32,B,5,0,1,4,0,2
S32,D,5,1,3,1,0,3
S33,E,6,0,5,0,1,2
S33,B,6,0,5,0,1,2
S33,D,6,4,1,0,1,3
S34,E,5,0,4,1,0,2
S34,B,5,0,2,3,0,2
S34,D,5,1,3,1,0,3
S35,E,6,0,3,2,1,3
S35,B,6,0,3,2,1,3
S35,D,6,2,1,2,1,4
S36,E,7,1,3,3,0,3
S36,B,7,1,1,5,0,3
S36,D,7,1,3,3,0,3
S37,E,7,0,4,0,3,2
S37,B,7,0,3,1,3,3
S37,D,7,3,1,0,3,3
