risk_id,familia,empresa,tipo_objeto,riesgo_padre_id,en_ranking_principal,evaluable,c_raw,c_raw_ficha,dimension_determinante,p,i_max,consecuencia_extrema,safety_critical,c_raw_intencion_v02,banda_E,banda_intencion_E,banda_B,banda_intencion_B,banda_D,banda_intencion_D
S01-R01,agro-y-alimentos,S01,riesgo,,sí,true,60,60,econ;cont,4,5,true,true,45,Alta,Media,Alta,Alta,Alta,Media
S01-R02,agro-y-alimentos,S01,riesgo,,sí,true,30,30,econ;legal,5,3,false,false,30,Media,Media,Media,Media,Baja,Baja
S01-R03,agro-y-alimentos,S01,riesgo,,sí,true,16,16,econ;pers;legal,4,2,false,false,36,Baja,Media,Baja,Media,Baja,Media
S01-R04,agro-y-alimentos,S01,riesgo,,sí,true,30,30,econ,5,2,false,false,20,Media,Media,Media,Media,Baja,Baja
S01-R05,agro-y-alimentos,S01,riesgo,,sí,true,18,18,econ,3,3,false,false,36,Baja,Media,Baja,Media,Baja,Media
S01-R06,agro-y-alimentos,S01,riesgo,,sí,true,24,24,econ,4,2,false,false,36,Media,Media,Media,Media,Baja,Media
S01-R07,agro-y-alimentos,S01,riesgo,,sí,true,60,60,pers;legal,5,4,false,true,64,Alta,Alta,Alta,Alta,Alta,Alta
S02-R01,industria-y-construccion,S02,riesgo,,sí,true,64,64,pers;legal,4,4,false,true,48,Alta,Media,Alta,Alta,Alta,Media
S02-R02,industria-y-construccion,S02,riesgo,,sí,true,64,64,pers;legal,4,4,false,true,64,Alta,Alta,Alta,Alta,Alta,Alta
S02-R03,industria-y-construccion,S02,riesgo,,sí,true,45,45,econ;cont,3,5,true,true,80,Media,Crítica,Alta,Crítica,Media,Crítica
S02-R04,industria-y-construccion,S02,riesgo,,sí,true,30,30,pers,5,2,false,false,30,Media,Media,Media,Media,Baja,Baja
S02-R05,industria-y-construccion,S02,riesgo,,sí,true,45,45,econ;cont,5,3,false,false,48,Media,Media,Alta,Alta,Media,Media
S02-R06,industria-y-construccion,S02,riesgo,,sí,true,20,20,pers;legal,5,1,false,false,20,Media,Media,Media,Media,Baja,Baja
S02-R07,industria-y-construccion,S02,riesgo,,sí,false,,,,5,1,true,false,30,no evaluable,Media,no evaluable,Media,no evaluable,Baja
S03-R01,comercio-y-logistica,S03,riesgo,,sí,true,60,60,pers,5,4,false,true,30,Alta,Media,Alta,Media,Alta,Baja
S03-R02,comercio-y-logistica,S03,riesgo,,sí,true,45,45,pers,5,3,false,false,36,Media,Media,Alta,Media,Media,Media
S03-R03,comercio-y-logistica,S03,riesgo,,sí,true,32,32,econ,4,2,false,false,32,Media,Media,Media,Media,Baja,Baja
S03-R04,comercio-y-logistica,S03,riesgo,,sí,true,30,30,econ;cont,5,2,false,false,15,Media,Baja,Media,Baja,Baja,Baja
S03-R05,comercio-y-logistica,S03,riesgo,,sí,true,80,80,econ;cont,4,5,true,true,60,Crítica,Alta,Crítica,Alta,Crítica,Alta
S03-R06,comercio-y-logistica,S03,riesgo,,sí,true,60,60,pers,5,3,false,false,40,Alta,Media,Alta,Media,Alta,Media
S03-R07,comercio-y-logistica,S03,riesgo,,sí,true,10,10,econ;pers;cont;legal,5,1,false,false,10,Baja,Baja,Baja,Baja,Baja,Baja
S04-R01,tecnologia-y-pagos,S04,riesgo,,sí,true,32,32,econ,4,2,false,false,32,Media,Media,Media,Media,Baja,Baja
S04-R02,tecnologia-y-pagos,S04,riesgo,,sí,true,32,32,econ,2,4,false,false,48,Media,Media,Media,Alta,Baja,Media
S04-R03,tecnologia-y-pagos,S04,riesgo,,sí,true,48,48,legal,4,3,false,false,48,Media,Media,Alta,Alta,Media,Media
S04-R04,tecnologia-y-pagos,S04,riesgo,,sí,true,36,36,econ;legal,3,3,false,false,27,Media,Media,Media,Media,Media,Baja
S04-R05,tecnologia-y-pagos,S04,riesgo,,sí,true,36,36,cont,3,4,false,false,48,Media,Media,Media,Alta,Media,Media
S04-R06,tecnologia-y-pagos,S04,riesgo,,sí,true,36,36,econ;legal,3,3,false,false,36,Media,Media,Media,Media,Media,Media
S04-R07,tecnologia-y-pagos,S04,riesgo,,sí,true,15,15,econ;pers;cont;legal,5,1,false,false,25,Baja,Media,Baja,Media,Baja,Baja
S05-P01,industria-y-construccion,S05,padre,,sí,true,80,,(hijo prioritario),,,false,true,,Crítica,,Crítica,,Crítica,
S05-P01-S01,industria-y-construccion,S05,sub_riesgo,S05-P01,no,true,60,60,pers;legal,5,4,false,true,48,Alta,Media,Alta,Alta,Alta,Media
S05-P01-S02,industria-y-construccion,S05,sub_riesgo,S05-P01,no,true,48,48,pers;legal,3,4,false,true,48,Media,Media,Alta,Alta,Media,Media
S05-P01-S03,industria-y-construccion,S05,sub_riesgo,S05-P01,no,true,80,80,pers;legal,5,4,false,true,60,Crítica,Alta,Crítica,Alta,Crítica,Alta
S05-R04,industria-y-construccion,S05,riesgo,,sí,true,64,64,pers;legal,4,4,false,true,80,Alta,Crítica,Alta,Crítica,Alta,Crítica
S05-R05,industria-y-construccion,S05,riesgo,,sí,true,48,48,pers;cont;legal,4,4,false,true,64,Media,Alta,Alta,Alta,Media,Alta
S05-R06,industria-y-construccion,S05,riesgo,,sí,true,30,30,pers;legal,5,2,false,false,45,Media,Media,Media,Alta,Baja,Media
S05-R07,industria-y-construccion,S05,riesgo,,sí,true,20,20,pers;legal,5,1,false,false,20,Media,Media,Media,Media,Baja,Baja
S05-R08,industria-y-construccion,S05,riesgo,,sí,true,30,30,econ;legal,5,2,false,false,40,Media,Media,Media,Media,Baja,Media
S05-R09,industria-y-construccion,S05,riesgo,,sí,false,,,,4,3,true,true,36,no evaluable,Media,no evaluable,Media,no evaluable,Media
S06-R01,agro-y-alimentos,S06,riesgo,,sí,true,75,75,econ,5,5,true,false,100,Crítica,Crítica,Crítica,Crítica,Crítica,Crítica
S06-R02,agro-y-alimentos,S06,riesgo,,sí,true,10,10,econ;pers;cont;legal,5,1,false,false,10,Baja,Baja,Baja,Baja,Baja,Baja
S06-R03,agro-y-alimentos,S06,riesgo,,sí,true,100,100,econ,5,5,true,true,64,Crítica,Alta,Crítica,Alta,Crítica,Alta
S06-R04,agro-y-alimentos,S06,riesgo,,sí,true,60,60,econ;cont,3,5,true,true,75,Alta,Crítica,Alta,Crítica,Alta,Crítica
S06-R05,agro-y-alimentos,S06,riesgo,,sí,true,80,80,econ,4,5,true,false,15,Crítica,Baja,Crítica,Baja,Crítica,Baja
S06-R06,agro-y-alimentos,S06,riesgo,,sí,true,48,48,econ;pers,4,3,false,false,48,Media,Media,Alta,Alta,Media,Media
S07-E01,mineria,S07,escenario,,no,true,20,20,econ;pers;cont,1,5,true,true,20,Media,Media,Media,Media,Baja,Baja
S07-R01,mineria,S07,riesgo,,sí,true,45,45,pers,3,5,true,true,40,Media,Media,Alta,Media,Media,Media
S07-R02,mineria,S07,riesgo,,sí,true,60,60,pers;legal,5,4,false,true,48,Alta,Media,Alta,Alta,Alta,Media
S07-R03,mineria,S07,riesgo,,sí,true,48,48,pers;legal,3,4,false,true,48,Media,Media,Alta,Alta,Media,Media
S07-R04,mineria,S07,riesgo,,sí,true,60,60,econ;pers;cont,4,5,true,true,30,Alta,Media,Alta,Media,Alta,Baja
S07-R05,mineria,S07,riesgo,,sí,true,30,30,cont,5,3,false,false,20,Media,Media,Media,Media,Baja,Baja
S07-R06,mineria,S07,riesgo,,sí,true,60,60,econ,3,5,true,false,30,Alta,Media,Alta,Media,Alta,Baja
S07-R07,mineria,S07,riesgo,,sí,true,30,30,pers,5,4,false,false,20,Media,Media,Media,Media,Baja,Baja
S07-R08,mineria,S07,riesgo,,sí,true,48,48,cont;legal,4,3,false,false,60,Media,Alta,Alta,Alta,Media,Alta
S08-R01,mineria,S08,riesgo,,sí,true,64,64,pers;legal,4,4,false,true,48,Alta,Media,Alta,Alta,Alta,Media
S08-R02,mineria,S08,riesgo,,sí,true,64,64,pers;legal,4,4,false,true,64,Alta,Alta,Alta,Alta,Alta,Alta
S08-R03,mineria,S08,riesgo,,sí,true,48,48,pers;cont;legal,4,4,false,true,48,Media,Media,Alta,Alta,Media,Media
S08-R04,mineria,S08,riesgo,,sí,true,60,60,pers,4,5,true,true,80,Alta,Crítica,Alta,Crítica,Alta,Crítica
S08-R05,mineria,S08,riesgo,,sí,true,80,80,pers;legal,5,4,false,true,64,Crítica,Alta,Crítica,Alta,Crítica,Alta
S08-R06,mineria,S08,riesgo,,sí,true,48,48,pers;legal,3,4,false,true,48,Media,Media,Alta,Alta,Media,Media
S08-R07,mineria,S08,riesgo,,sí,true,48,48,pers;legal,4,4,false,true,60,Media,Alta,Alta,Alta,Media,Alta
S09-R01,mineria,S09,riesgo,,sí,true,27,27,cont,3,3,false,false,18,Media,Baja,Media,Baja,Baja,Baja
S09-R02,mineria,S09,riesgo,,sí,true,48,48,econ;cont;legal,3,4,false,false,,Media,no evaluable,Alta,no evaluable,Media,no evaluable
S09-R03,mineria,S09,riesgo,,sí,true,24,24,econ;cont,4,3,false,false,24,Media,Media,Media,Media,Baja,Baja
S09-R04,mineria,S09,riesgo,,sí,true,24,24,pers,4,3,false,false,24,Media,Media,Media,Media,Baja,Baja
S09-R05,mineria,S09,riesgo,,sí,true,60,60,econ;cont,3,5,true,false,20,Alta,Media,Alta,Media,Alta,Baja
S09-R06,mineria,S09,riesgo,,sí,true,64,64,pers,4,4,false,true,75,Alta,Crítica,Alta,Crítica,Alta,Crítica
S09-R07,mineria,S09,riesgo,,sí,true,36,36,econ;cont,3,4,false,false,36,Media,Media,Media,Media,Media,Media
S10-R01,mineria,S10,riesgo,,sí,true,64,64,pers;legal,4,4,false,true,64,Alta,Alta,Alta,Alta,Alta,Alta
S10-R02,mineria,S10,riesgo,,sí,true,64,64,econ;pers;legal,4,4,false,true,48,Alta,Media,Alta,Alta,Alta,Media
S10-R03,mineria,S10,riesgo,,sí,true,64,64,econ;pers;legal,4,4,false,true,48,Alta,Media,Alta,Alta,Alta,Media
S10-R04,mineria,S10,riesgo,,sí,true,64,64,econ,4,4,false,false,64,Alta,Alta,Alta,Alta,Alta,Alta
S10-R05,mineria,S10,riesgo,,sí,false,,,,5,3,false,true,60,no evaluable,Alta,no evaluable,Alta,no evaluable,Alta
S10-R06,mineria,S10,riesgo,,sí,true,30,30,econ;legal,5,2,false,false,30,Media,Media,Media,Media,Baja,Baja
S10-R07,mineria,S10,riesgo,,sí,true,64,64,pers;legal,4,4,false,true,48,Alta,Media,Alta,Alta,Alta,Media
S11-R01,mineria,S11,riesgo,,sí,true,32,32,econ;cont;legal,4,4,false,false,36,Media,Media,Media,Media,Baja,Media
S11-R02,mineria,S11,riesgo,,sí,true,60,60,econ;pers,3,5,true,true,30,Alta,Media,Alta,Media,Alta,Baja
S11-R03,mineria,S11,riesgo,,sí,true,24,24,legal,3,4,false,false,24,Media,Media,Media,Media,Baja,Baja
S11-R04,mineria,S11,riesgo,,sí,true,80,80,pers;legal,5,4,false,true,40,Crítica,Media,Crítica,Media,Crítica,Media
S11-R05,mineria,S11,riesgo,,sí,true,48,48,econ;cont;legal,3,4,false,false,36,Media,Media,Alta,Media,Media,Media
S11-R06,mineria,S11,riesgo,,sí,true,32,32,cont,4,2,false,false,16,Media,Baja,Media,Baja,Baja,Baja
S11-R07,mineria,S11,riesgo,,sí,true,30,30,legal,5,3,false,false,45,Media,Media,Media,Alta,Baja,Media
S12-R01,mineria,S12,riesgo,,sí,true,36,36,econ;cont,3,4,false,false,36,Media,Media,Media,Media,Media,Media
S12-R02,mineria,S12,riesgo,,sí,true,36,36,pers;legal,4,3,false,false,36,Media,Media,Media,Media,Media,Media
S12-R03,mineria,S12,riesgo,,sí,true,75,75,cont,5,5,true,true,60,Crítica,Alta,Crítica,Alta,Crítica,Alta
S12-R04,mineria,S12,riesgo,,sí,true,45,45,econ;cont,3,5,true,false,45,Media,Media,Alta,Alta,Media,Media
S12-R05,mineria,S12,riesgo,,sí,true,48,48,cont;legal,4,4,false,false,36,Media,Media,Alta,Media,Media,Media
S12-R06,mineria,S12,riesgo,,sí,true,45,45,cont,3,5,true,false,30,Media,Media,Alta,Media,Media,Baja
S13-R01,comercio-y-logistica,S13,riesgo,,sí,true,60,60,econ;cont,4,5,true,true,60,Alta,Alta,Alta,Alta,Alta,Alta
S13-R02,comercio-y-logistica,S13,riesgo,,sí,true,48,48,econ,4,4,false,false,48,Media,Media,Alta,Alta,Media,Media
S13-R03,comercio-y-logistica,S13,riesgo,,sí,true,30,30,econ;cont,5,2,false,false,30,Media,Media,Media,Media,Baja,Baja
S13-R04,comercio-y-logistica,S13,riesgo,,sí,true,48,48,econ;cont,4,4,false,false,36,Media,Media,Alta,Media,Media,Media
S13-R05,comercio-y-logistica,S13,riesgo,,sí,true,60,60,pers;legal,5,3,false,false,48,Alta,Media,Alta,Alta,Alta,Media
S13-R06,comercio-y-logistica,S13,riesgo,,sí,true,36,36,econ;cont,4,3,false,false,18,Media,Baja,Media,Baja,Media,Baja
S14-R01,servicios-a-personas,S14,riesgo,,sí,true,48,48,legal,3,4,false,false,64,Media,Alta,Alta,Alta,Media,Alta
S14-R02,servicios-a-personas,S14,riesgo,,sí,true,48,48,pers;legal,3,4,false,true,48,Media,Media,Alta,Alta,Media,Media
S14-R03,servicios-a-personas,S14,riesgo,,sí,true,45,45,econ;pers,3,5,true,true,45,Media,Media,Alta,Alta,Media,Media
S14-R04,servicios-a-personas,S14,riesgo,,sí,true,60,60,pers;legal,5,3,false,false,36,Alta,Media,Alta,Media,Alta,Media
S14-R05,servicios-a-personas,S14,riesgo,,sí,true,45,45,legal,3,3,false,false,24,Media,Media,Alta,Media,Media,Baja
S14-R06,servicios-a-personas,S14,riesgo,,sí,true,30,30,pers,5,2,false,false,45,Media,Media,Media,Alta,Baja,Media
S14-R07,servicios-a-personas,S14,riesgo,,sí,true,36,36,econ;legal,3,3,false,false,36,Media,Media,Media,Media,Media,Media
S15-R01,agro-y-alimentos,S15,riesgo,,sí,true,48,48,econ,3,4,false,false,60,Media,Alta,Alta,Alta,Media,Alta
S15-R02,agro-y-alimentos,S15,riesgo,,sí,true,45,45,econ,3,5,true,false,60,Media,Alta,Alta,Alta,Media,Alta
S15-R03,agro-y-alimentos,S15,riesgo,,sí,true,60,60,econ,5,4,false,false,60,Alta,Alta,Alta,Alta,Alta,Alta
S15-R04,agro-y-alimentos,S15,riesgo,,sí,true,64,64,econ;pers;legal,4,4,false,true,48,Alta,Media,Alta,Alta,Alta,Media
S15-R05,agro-y-alimentos,S15,riesgo,,sí,true,30,30,pers,5,2,false,false,30,Media,Media,Media,Media,Baja,Baja
S15-R06,agro-y-alimentos,S15,riesgo,,sí,true,36,36,econ,3,4,false,false,27,Media,Media,Media,Media,Media,Baja
S16-R01,agro-y-alimentos,S16,riesgo,,sí,true,36,36,legal,4,3,false,false,36,Media,Media,Media,Media,Media,Media
S16-R02,agro-y-alimentos,S16,riesgo,,sí,true,60,60,econ;cont,4,5,true,true,45,Alta,Media,Alta,Alta,Alta,Media
S16-R03,agro-y-alimentos,S16,riesgo,,sí,true,20,20,econ;cont,5,2,false,false,16,Media,Baja,Media,Baja,Baja,Baja
S16-R04,agro-y-alimentos,S16,riesgo,,sí,true,32,32,legal,4,2,false,false,32,Media,Media,Media,Media,Baja,Baja
S16-R05,agro-y-alimentos,S16,riesgo,,sí,true,64,64,pers;legal,4,4,false,true,64,Alta,Alta,Alta,Alta,Alta,Alta
S16-R06,agro-y-alimentos,S16,riesgo,,sí,true,48,48,econ,4,3,false,false,36,Media,Media,Alta,Media,Media,Media
S17-R01,agro-y-alimentos,S17,riesgo,,sí,true,60,60,pers;legal,5,4,false,true,32,Alta,Media,Alta,Media,Alta,Baja
S17-R02,agro-y-alimentos,S17,riesgo,,sí,true,20,20,econ,5,2,false,false,20,Media,Media,Media,Media,Baja,Baja
S17-R03,agro-y-alimentos,S17,riesgo,,sí,false,,,,4,3,false,false,36,no evaluable,Media,no evaluable,Media,no evaluable,Media
S17-R04,agro-y-alimentos,S17,riesgo,,sí,true,45,45,legal,5,3,false,false,60,Media,Alta,Alta,Alta,Media,Alta
S17-R05,agro-y-alimentos,S17,riesgo,,sí,true,30,30,pers,5,3,false,false,45,Media,Media,Media,Alta,Baja,Media
S17-R06,agro-y-alimentos,S17,riesgo,,sí,true,48,48,econ;cont,4,4,false,false,24,Media,Media,Alta,Media,Media,Baja
S18-R01,agro-y-alimentos,S18,riesgo,,sí,true,40,40,pers;legal,5,4,false,true,32,Media,Media,Media,Media,Media,Baja
S18-R02,agro-y-alimentos,S18,riesgo,,sí,true,20,20,pers,5,2,false,false,30,Media,Media,Media,Media,Baja,Baja
S18-R03,agro-y-alimentos,S18,riesgo,,sí,true,48,48,pers;legal,4,4,false,true,45,Media,Media,Alta,Alta,Media,Media
S18-R04,agro-y-alimentos,S18,riesgo,,sí,true,24,24,econ;cont;legal,2,4,false,false,36,Media,Media,Media,Media,Baja,Media
S18-R05,agro-y-alimentos,S18,riesgo,,sí,true,30,30,econ;cont;legal,5,2,false,false,36,Media,Media,Media,Media,Baja,Media
S18-R06,agro-y-alimentos,S18,riesgo,,sí,true,24,24,econ;cont,2,4,false,false,32,Media,Media,Media,Media,Baja,Baja
S18-R07,agro-y-alimentos,S18,riesgo,,sí,true,45,45,legal,5,3,false,false,45,Media,Media,Alta,Alta,Media,Media
S19-E01,agro-y-alimentos,S19,escenario,,no,true,36,36,econ,3,4,false,false,48,Media,Media,Media,Alta,Media,Media
S19-R01,agro-y-alimentos,S19,riesgo,,sí,true,48,48,pers;legal,4,4,false,true,36,Media,Media,Alta,Media,Media,Media
S19-R02,agro-y-alimentos,S19,riesgo,,sí,true,45,45,cont;legal,5,3,false,false,48,Media,Media,Alta,Alta,Media,Media
S19-R03,agro-y-alimentos,S19,riesgo,,sí,true,16,16,econ,4,2,false,false,24,Baja,Media,Baja,Media,Baja,Baja
S19-R04,agro-y-alimentos,S19,riesgo,,sí,true,16,16,econ;pers;legal,4,1,false,false,16,Baja,Baja,Baja,Baja,Baja,Baja
S19-R05,agro-y-alimentos,S19,riesgo,,sí,true,60,60,econ;cont,4,5,true,true,60,Alta,Alta,Alta,Alta,Alta,Alta
S19-R06,agro-y-alimentos,S19,riesgo,,sí,true,45,45,pers,5,3,false,false,30,Media,Media,Alta,Media,Media,Baja
S20-R01,agro-y-alimentos,S20,riesgo,,sí,true,100,100,pers,4,5,true,true,75,Crítica,Crítica,Crítica,Crítica,Crítica,Crítica
S20-R02,agro-y-alimentos,S20,riesgo,,sí,true,64,64,econ,4,4,false,false,36,Alta,Media,Alta,Media,Alta,Media
S20-R03,agro-y-alimentos,S20,riesgo,,sí,true,48,48,pers;legal,3,4,false,true,48,Media,Media,Alta,Alta,Media,Media
S20-R04,agro-y-alimentos,S20,riesgo,,sí,true,30,30,econ,5,2,false,false,30,Media,Media,Media,Media,Baja,Baja
S20-R05,agro-y-alimentos,S20,riesgo,,sí,true,60,60,pers;legal,3,4,false,true,60,Alta,Alta,Alta,Alta,Alta,Alta
S20-R06,agro-y-alimentos,S20,riesgo,,sí,true,12,12,econ;legal,3,2,false,false,24,Baja,Media,Baja,Media,Baja,Baja
S21-R01,agro-y-alimentos,S21,riesgo,,sí,true,48,48,econ,4,3,false,false,20,Media,Media,Alta,Media,Media,Baja
S21-R02,agro-y-alimentos,S21,riesgo,,sí,true,48,48,econ,4,3,false,false,16,Media,Baja,Alta,Baja,Media,Baja
S21-R03,agro-y-alimentos,S21,riesgo,,sí,true,32,32,econ,4,4,false,false,24,Media,Media,Media,Media,Baja,Baja
S21-R04,agro-y-alimentos,S21,riesgo,,sí,true,40,40,cont,4,5,true,false,12,Media,Baja,Media,Baja,Media,Baja
S21-R05,agro-y-alimentos,S21,riesgo,,sí,true,60,60,pers;legal,3,4,false,true,,Alta,no evaluable,Alta,no evaluable,Alta,no evaluable
S21-R06,agro-y-alimentos,S21,riesgo,,sí,true,30,30,econ;cont,5,3,false,false,36,Media,Media,Media,Media,Baja,Media
S21-R07,agro-y-alimentos,S21,riesgo,,sí,true,45,45,econ;cont,3,5,true,true,60,Media,Alta,Alta,Alta,Media,Alta
S21-R08,agro-y-alimentos,S21,riesgo,,sí,true,50,50,econ;cont,5,5,true,false,12,Alta,Baja,Alta,Baja,Alta,Baja
S22-E01,industria-y-construccion,S22,escenario,,no,true,48,48,econ;cont,3,4,false,false,40,Media,Media,Alta,Media,Media,Media
S22-R01,industria-y-construccion,S22,riesgo,,sí,true,60,60,econ;cont,4,5,true,true,45,Alta,Media,Alta,Alta,Alta,Media
S22-R02,industria-y-construccion,S22,riesgo,,sí,true,16,16,pers;cont;legal,2,4,false,true,40,Baja,Media,Baja,Media,Baja,Media
S22-R03,industria-y-construccion,S22,riesgo,,sí,true,48,48,legal,4,3,false,false,36,Media,Media,Alta,Media,Media,Media
S22-R04,industria-y-construccion,S22,riesgo,,sí,false,,,,4,2,false,false,45,no evaluable,Media,no evaluable,Alta,no evaluable,Media
S22-R05,industria-y-construccion,S22,riesgo,,sí,true,20,20,pers,5,2,false,false,20,Media,Media,Media,Media,Baja,Baja
S22-R06,industria-y-construccion,S22,riesgo,,sí,false,,,,5,3,true,false,32,no evaluable,Media,no evaluable,Media,no evaluable,Baja
S22-R07,industria-y-construccion,S22,riesgo,,sí,true,48,48,econ;cont,3,4,false,false,48,Media,Media,Alta,Alta,Media,Media
S22-R08,industria-y-construccion,S22,riesgo,,sí,true,48,48,cont;legal,4,4,false,false,64,Media,Alta,Alta,Alta,Media,Alta
S22-R09,industria-y-construccion,S22,riesgo,,sí,true,16,16,econ;legal,4,2,false,false,12,Baja,Baja,Baja,Baja,Baja,Baja
S23-R01,industria-y-construccion,S23,riesgo,,sí,false,,,,3,3,true,false,27,no evaluable,Media,no evaluable,Media,no evaluable,Baja
S23-R02,industria-y-construccion,S23,riesgo,,sí,true,60,60,econ,5,4,false,false,48,Alta,Media,Alta,Alta,Alta,Media
S23-R03,industria-y-construccion,S23,riesgo,,sí,true,32,32,econ,4,4,false,false,32,Media,Media,Media,Media,Baja,Baja
S23-R04,industria-y-construccion,S23,riesgo,,sí,true,80,80,econ,4,5,true,false,48,Crítica,Media,Crítica,Alta,Crítica,Media
S23-R05,industria-y-construccion,S23,riesgo,,sí,true,75,75,econ;cont,5,5,true,true,60,Crítica,Alta,Crítica,Alta,Crítica,Alta
S23-R06,industria-y-construccion,S23,riesgo,,sí,true,80,80,pers;legal,5,4,false,true,48,Crítica,Media,Crítica,Alta,Crítica,Media
S24-R01,industria-y-construccion,S24,riesgo,,sí,true,80,80,econ;cont,4,5,true,true,80,Crítica,Crítica,Crítica,Crítica,Crítica,Crítica
S24-R02,industria-y-construccion,S24,riesgo,,sí,true,64,64,pers;legal,4,4,false,true,64,Alta,Alta,Alta,Alta,Alta,Alta
S24-R03,industria-y-construccion,S24,riesgo,,sí,true,48,48,cont,4,4,false,false,60,Media,Alta,Alta,Alta,Media,Alta
S24-R04,industria-y-construccion,S24,riesgo,,sí,false,,,,3,4,false,false,27,no evaluable,Media,no evaluable,Media,no evaluable,Baja
S24-R05,industria-y-construccion,S24,riesgo,,sí,true,20,20,cont,5,2,false,false,10,Media,Baja,Media,Baja,Baja,Baja
S24-R06,industria-y-construccion,S24,riesgo,,sí,true,20,20,pers,5,2,false,false,20,Media,Media,Media,Media,Baja,Baja
S25-R01,industria-y-construccion,S25,riesgo,,sí,true,18,18,legal,3,3,false,false,18,Baja,Baja,Baja,Baja,Baja,Baja
S25-R02,industria-y-construccion,S25,riesgo,,sí,true,36,36,pers;cont;legal,3,4,false,true,48,Media,Media,Media,Alta,Media,Media
S25-R03,industria-y-construccion,S25,riesgo,,sí,true,15,15,econ;pers;legal,5,1,false,false,15,Baja,Baja,Baja,Baja,Baja,Baja
S25-R04,industria-y-construccion,S25,riesgo,,sí,true,45,45,cont,3,5,true,false,48,Media,Media,Alta,Alta,Media,Media
S25-R05,industria-y-construccion,S25,riesgo,,sí,true,27,27,econ;cont;legal,3,3,false,false,27,Media,Media,Media,Media,Baja,Baja
S25-R06,industria-y-construccion,S25,riesgo,,sí,true,48,48,econ;cont,4,4,false,false,36,Media,Media,Alta,Media,Media,Media
S26-R01,servicios-a-personas,S26,riesgo,,sí,true,75,75,econ;pers,5,5,true,true,75,Crítica,Crítica,Crítica,Crítica,Crítica,Crítica
S26-R02,servicios-a-personas,S26,riesgo,,sí,true,32,32,pers,4,4,false,true,24,Media,Media,Media,Media,Baja,Baja
S26-R03,servicios-a-personas,S26,riesgo,,sí,true,45,45,pers,5,3,false,false,30,Media,Media,Alta,Media,Media,Baja
S26-R04,servicios-a-personas,S26,riesgo,,sí,true,30,30,pers,3,5,true,true,40,Media,Media,Media,Media,Baja,Media
S26-R05,servicios-a-personas,S26,riesgo,,sí,true,36,36,econ;cont;legal,3,4,false,false,48,Media,Media,Media,Alta,Media,Media
S26-R06,servicios-a-personas,S26,riesgo,,sí,true,16,16,econ;pers;cont;legal,2,4,false,true,36,Baja,Media,Baja,Media,Baja,Media
S26-R07,servicios-a-personas,S26,riesgo,,sí,true,48,48,econ;cont;legal,3,4,false,false,36,Media,Media,Alta,Media,Media,Media
S27-R01,comercio-y-logistica,S27,riesgo,,sí,true,45,45,pers,5,3,false,false,30,Media,Media,Alta,Media,Media,Baja
S27-R02,comercio-y-logistica,S27,riesgo,,sí,true,60,60,legal,5,4,false,false,60,Alta,Alta,Alta,Alta,Alta,Alta
S27-R03,comercio-y-logistica,S27,riesgo,,sí,true,15,15,econ;pers;legal,5,1,false,false,15,Baja,Baja,Baja,Baja,Baja,Baja
S27-R04,comercio-y-logistica,S27,riesgo,,sí,true,48,48,econ,4,4,false,false,48,Media,Media,Alta,Alta,Media,Media
S27-R05,comercio-y-logistica,S27,riesgo,,sí,true,45,45,pers;legal,5,3,false,false,60,Media,Alta,Alta,Alta,Media,Alta
S27-R06,comercio-y-logistica,S27,riesgo,,sí,true,30,30,econ;cont,3,5,true,true,30,Media,Media,Media,Media,Baja,Baja
S28-R01,comercio-y-logistica,S28,riesgo,,sí,true,45,45,econ;cont,3,5,true,true,60,Media,Alta,Alta,Alta,Media,Alta
S28-R02,comercio-y-logistica,S28,riesgo,,sí,true,60,60,econ,4,5,true,true,60,Alta,Alta,Alta,Alta,Alta,Alta
S28-R03,comercio-y-logistica,S28,riesgo,,sí,true,60,60,pers,5,3,false,false,30,Alta,Media,Alta,Media,Alta,Baja
S28-R04,comercio-y-logistica,S28,riesgo,,sí,true,80,80,pers;legal,5,4,false,true,48,Crítica,Media,Crítica,Alta,Crítica,Media
S28-R05,comercio-y-logistica,S28,riesgo,,sí,true,20,20,econ;pers;cont;legal,5,1,false,false,15,Media,Baja,Media,Baja,Baja,Baja
S28-R06,comercio-y-logistica,S28,riesgo,,sí,true,15,15,econ;pers;legal,5,1,false,false,15,Baja,Baja,Baja,Baja,Baja,Baja
S28-R07,comercio-y-logistica,S28,riesgo,,sí,true,32,32,econ,4,2,false,false,12,Media,Baja,Media,Baja,Baja,Baja
S29-P01,tecnologia-y-pagos,S29,padre,,sí,true,16,,(hijo prioritario),,,,,,Baja,,Baja,,Baja,
S29-P01-S01,tecnologia-y-pagos,S29,sub_riesgo,S29-P01,no,true,16,16,legal,4,2,false,false,36,Baja,Media,Baja,Media,Baja,Media
S29-P01-S02,tecnologia-y-pagos,S29,sub_riesgo,S29-P01,no,true,6,6,econ;legal,1,4,false,false,16,Baja,Baja,Baja,Baja,Baja,Baja
S29-P01-S03,tecnologia-y-pagos,S29,sub_riesgo,S29-P01,no,true,10,10,legal,5,2,false,false,30,Baja,Media,Baja,Media,Baja,Baja
S29-R04,tecnologia-y-pagos,S29,riesgo,,sí,true,8,8,econ,1,4,false,false,16,Baja,Baja,Baja,Baja,Baja,Baja
S29-R05,tecnologia-y-pagos,S29,riesgo,,sí,true,24,24,econ;legal,4,2,false,false,27,Media,Media,Media,Media,Baja,Baja
S29-R06,tecnologia-y-pagos,S29,riesgo,,sí,true,45,45,legal,5,3,false,false,60,Media,Alta,Alta,Alta,Media,Alta
S29-R07,tecnologia-y-pagos,S29,riesgo,,sí,true,36,36,legal,3,3,false,false,36,Media,Media,Media,Media,Media,Media
S30-P01,tecnologia-y-pagos,S30,padre,,sí,true,18,,(hijo prioritario),,,,,,Baja,,Baja,,Baja,
S30-P01-S01,tecnologia-y-pagos,S30,sub_riesgo,S30-P01,no,true,18,18,econ,3,2,false,false,12,Baja,Baja,Baja,Baja,Baja,Baja
S30-P01-S02,tecnologia-y-pagos,S30,sub_riesgo,S30-P01,no,true,16,16,econ,4,3,false,false,6,Baja,Baja,Baja,Baja,Baja,Baja
S30-P01-S03,tecnologia-y-pagos,S30,sub_riesgo,S30-P01,no,true,12,12,econ,3,2,false,false,12,Baja,Baja,Baja,Baja,Baja,Baja
S30-R04,tecnologia-y-pagos,S30,riesgo,,sí,true,24,24,econ,4,2,false,false,16,Media,Baja,Media,Baja,Baja,Baja
S30-R05,tecnologia-y-pagos,S30,riesgo,,sí,true,20,20,econ;cont,2,5,true,false,45,Media,Media,Media,Alta,Baja,Media
S30-R06,tecnologia-y-pagos,S30,riesgo,,sí,true,18,18,econ;legal,3,2,false,false,24,Baja,Media,Baja,Media,Baja,Baja
S30-R07,tecnologia-y-pagos,S30,riesgo,,sí,true,32,32,econ,4,2,false,false,32,Media,Media,Media,Media,Baja,Baja
S30-R08,tecnologia-y-pagos,S30,riesgo,,sí,true,24,24,econ,2,3,false,false,27,Media,Media,Media,Media,Baja,Baja
S31-R01,energia-y-agua,S31,riesgo,,sí,true,24,24,pers;cont;legal,2,4,false,true,32,Media,Media,Media,Media,Baja,Baja
S31-R02,energia-y-agua,S31,riesgo,,sí,true,45,45,legal,5,3,false,false,45,Media,Media,Alta,Alta,Media,Media
S31-R03,energia-y-agua,S31,riesgo,,sí,true,32,32,pers;legal,4,4,false,true,48,Media,Media,Media,Alta,Baja,Media
S31-R04,energia-y-agua,S31,riesgo,,sí,true,48,48,legal,4,4,false,false,27,Media,Media,Alta,Media,Media,Baja
S31-R05,energia-y-agua,S31,riesgo,,sí,true,36,36,cont;legal,3,4,false,false,48,Media,Media,Media,Alta,Media,Media
S31-R06,energia-y-agua,S31,riesgo,,sí,true,45,45,pers,5,3,false,false,45,Media,Media,Alta,Alta,Media,Media
S32-R01,energia-y-agua,S32,riesgo,,sí,true,48,48,econ;pers;cont;legal,3,4,false,true,48,Media,Media,Alta,Alta,Media,Media
S32-R02,energia-y-agua,S32,riesgo,,sí,true,48,48,econ;cont,4,3,false,false,36,Media,Media,Alta,Media,Media,Media
S32-R03,energia-y-agua,S32,riesgo,,sí,true,60,60,econ;cont,3,5,true,false,60,Alta,Alta,Alta,Alta,Alta,Alta
S32-R04,energia-y-agua,S32,riesgo,,sí,true,24,24,econ;pers;cont,4,3,false,false,36,Media,Media,Media,Media,Baja,Media
S32-R05,energia-y-agua,S32,riesgo,,sí,true,45,45,pers,5,3,false,false,45,Media,Media,Alta,Alta,Media,Media
S32-R06,energia-y-agua,S32,riesgo,,sí,false,,,,unknown,2,false,false,,no evaluable,no evaluable,no evaluable,no evaluable,no evaluable,no evaluable
S33-R01,energia-y-agua,S33,riesgo,,sí,true,30,30,econ;cont,2,5,true,false,30,Media,Media,Media,Media,Baja,Baja
S33-R02,energia-y-agua,S33,riesgo,,sí,true,24,24,cont,4,3,false,false,24,Media,Media,Media,Media,Baja,Baja
S33-R03,energia-y-agua,S33,riesgo,,sí,true,25,25,econ;pers;cont;legal,5,1,false,false,25,Media,Media,Media,Media,Baja,Baja
S33-R04,energia-y-agua,S33,riesgo,,sí,true,36,36,cont,3,4,false,false,32,Media,Media,Media,Media,Media,Baja
S33-R05,energia-y-agua,S33,riesgo,,sí,true,20,20,pers;cont;legal,5,2,false,false,20,Media,Media,Media,Media,Baja,Baja
S33-R06,energia-y-agua,S33,riesgo,,sí,true,80,80,econ,5,4,false,false,80,Crítica,Crítica,Crítica,Crítica,Crítica,Crítica
S34-R01,energia-y-agua,S34,riesgo,,sí,false,,,,4,3,false,false,64,no evaluable,Alta,no evaluable,Alta,no evaluable,Alta
S34-R02,energia-y-agua,S34,riesgo,,sí,true,30,30,econ;pers;legal,5,2,false,false,30,Media,Media,Media,Media,Baja,Baja
S34-R03,energia-y-agua,S34,riesgo,,sí,true,40,40,econ;cont,5,4,false,false,24,Media,Media,Media,Media,Media,Baja
S34-R04,energia-y-agua,S34,riesgo,,sí,true,45,45,econ,5,3,false,false,30,Media,Media,Alta,Media,Media,Baja
S34-R05,energia-y-agua,S34,riesgo,,sí,true,45,45,econ;cont,3,5,true,false,60,Media,Alta,Alta,Alta,Media,Alta
S34-R06,energia-y-agua,S34,riesgo,,sí,true,60,60,pers,5,4,false,true,36,Alta,Media,Alta,Media,Alta,Media
S35-R01,servicios-a-personas,S35,riesgo,,sí,true,80,80,legal,4,4,false,false,64,Crítica,Alta,Crítica,Alta,Crítica,Alta
S35-R02,servicios-a-personas,S35,riesgo,,sí,true,60,60,econ,3,5,true,false,60,Alta,Alta,Alta,Alta,Alta,Alta
S35-R03,servicios-a-personas,S35,riesgo,,sí,true,40,40,pers;legal,5,2,false,false,60,Media,Alta,Media,Alta,Media,Alta
S35-R04,servicios-a-personas,S35,riesgo,,sí,true,32,32,econ,4,4,false,false,32,Media,Media,Media,Media,Baja,Baja
S35-R05,servicios-a-personas,S35,riesgo,,sí,true,60,60,econ,4,5,true,true,60,Alta,Alta,Alta,Alta,Alta,Alta
S35-R06,servicios-a-personas,S35,riesgo,,sí,true,30,30,econ,5,2,false,false,20,Media,Media,Media,Media,Baja,Baja
S36-R01,servicios-a-personas,S36,riesgo,,sí,true,48,48,pers;legal,4,3,false,false,48,Media,Media,Alta,Alta,Media,Media
S36-R02,servicios-a-personas,S36,riesgo,,sí,true,15,15,econ;pers;cont;legal,5,1,false,false,30,Baja,Media,Baja,Media,Baja,Baja
S36-R03,servicios-a-personas,S36,riesgo,,sí,true,60,60,econ;pers,4,5,true,true,48,Alta,Media,Alta,Alta,Alta,Media
S36-R04,servicios-a-personas,S36,riesgo,,sí,true,36,36,econ;pers;legal,4,3,false,false,24,Media,Media,Media,Media,Media,Baja
S36-R05,servicios-a-personas,S36,riesgo,,sí,true,48,48,legal,4,3,false,false,48,Media,Media,Alta,Alta,Media,Media
S36-R06,servicios-a-personas,S36,riesgo,,sí,true,64,64,legal,4,4,false,false,36,Alta,Media,Alta,Media,Alta,Media
S36-R07,servicios-a-personas,S36,riesgo,,sí,true,60,60,econ,3,5,true,false,,Alta,no evaluable,Alta,no evaluable,Alta,no evaluable
S37-R01,industria-y-construccion,S37,riesgo,,sí,true,80,80,econ;cont,4,5,true,true,60,Crítica,Alta,Crítica,Alta,Crítica,Alta
S37-R02,industria-y-construccion,S37,riesgo,,sí,true,48,48,pers,3,4,false,true,48,Media,Media,Alta,Alta,Media,Media
S37-R03,industria-y-construccion,S37,riesgo,,sí,true,30,30,pers,5,2,false,false,30,Media,Media,Media,Media,Baja,Baja
S37-R04,industria-y-construccion,S37,riesgo,,sí,true,80,80,econ,4,4,false,false,36,Crítica,Media,Crítica,Media,Crítica,Media
S37-R05,industria-y-construccion,S37,riesgo,,sí,true,75,75,econ,3,5,true,false,15,Crítica,Baja,Crítica,Baja,Crítica,Baja
S37-R06,industria-y-construccion,S37,riesgo,,sí,true,24,24,econ,4,2,false,false,24,Media,Media,Media,Media,Baja,Baja
S37-R07,industria-y-construccion,S37,riesgo,,sí,true,24,24,cont,2,3,false,false,8,Media,Baja,Media,Baja,Baja,Baja
