contraste,riesgos_evaluables,pares_intencion_distinta_E,agente_misma_banda_E,bandas_intencion_E,bandas_agente_E
C01,13,1,0,1/8/2/2,2/6/4/1
C02,25,4,2,5/17/3/0,4/19/2/0
C03,52,21,8,0/38/10/4,1/23/22/6
C04,12,1,0,4/7/1/0,1/10/0/1
C05,29,7,0,2/22/5/0,2/23/4/0
C06,29,7,4,0/15/10/4,1/13/10/5
C07,5,0,0,1/4/0/0,1/3/0/1
C08,6,3,1,1/1/2/2,0/2/1/3
C09,18,7,2,1/9/7/1,0/10/5/3
C10,8,1,1,0/6/1/1,0/8/0/0
C11,12,3,1,3/6/3/0,0/9/1/2
C12,3,0,0,1/2/0/0,1/2/0/0
C13,68,28,11,8/47/11/2,8/39/14/7
C14,4,0,0,1/3/0/0,0/2/2/0
C15,8,5,4,2/6/0/0,0/5/1/2
C16,3,2,0,0/2/1/0,0/1/1/1
C17,3,0,0,0/3/0/0,0/3/0/0
C18,28,9,7,3/16/7/2,1/16/7/4
C19,88,32,14,12/64/12/0,12/63/9/4
C20,13,2,1,3/9/1/0,4/9/0/0
C21,11,9,6,6/4/1/0,0/5/3/3
C22,34,4,1,1/25/8/0,1/25/7/1
C23,26,12,6,2/13/9/2,1/18/4/3
C24,10,7,3,0/6/2/2,0/5/4/1
C25,6,0,0,2/3/1/0,2/4/0/0
C26,10,1,0,2/8/0/0,3/6/0/1
C27,11,4,1,0/7/4/0,0/8/2/1
C28,11,1,0,0/8/3/0,1/5/4/1
C29,3,0,0,0/3/0/0,0/3/0/0
C30,4,2,0,1/2/1/0,1/2/1/0
C31,4,2,2,1/3/0/0,0/3/1/0
C32,5,0,0,0/5/0/0,1/2/1/1
C33,3,0,0,0/1/2/0,0/0/3/0
C34,3,0,0,0/3/0/0,0/3/0/0
C35,4,0,0,0/3/0/1,0/2/1/1
