evaluacion_id,risk_id,caso_empresa,tipo_objeto,riesgo_padre_id,miembros,evaluador,actor,fase,corrida_id,version_metodologia,version_protocolo,fecha,tipo_evaluacion,evaluacion_anterior_id,motivo,accion_id,accion_cambio_esperado,accion_efecto,accion_brecha_nota,riesgo_causa,riesgo_evento,riesgo_consecuencia,informacion_ref,p_valor,p_min,p_max,p_base,p_evidencia,p_observacion,i_econ_valor,i_econ_min,i_econ_max,i_econ_base,i_econ_evidencia,i_econ_observacion,i_pers_valor,i_pers_min,i_pers_max,i_pers_base,i_pers_evidencia,i_pers_observacion,i_cont_valor,i_cont_min,i_cont_max,i_cont_base,i_cont_evidencia,i_cont_observacion,i_legal_valor,i_legal_min,i_legal_max,i_legal_base,i_legal_evidencia,i_legal_observacion,v_cont_valor,v_cont_min,v_cont_max,v_cont_base,v_cont_evidencia,v_cont_observacion,v_rec_valor,v_rec_min,v_rec_max,v_rec_base,v_rec_evidencia,v_rec_observacion,i_efectivo,i_efectivo_dimensiones,v_aspectos_aplicables,c_dimension_determinante,consecuencia_extrema,consecuencia_extrema_dimensiones,safety_critical,evaluable,motivo_no_evaluable,necesidad_validacion,uncertainty,uncertainty_nota,c_raw,banda,techo_plausible,reglas_aplicadas,justificacion,reputacion_texto,review_status,revisado_por,fecha_revision,anomalias
EV-8-tecnologia-y-pagos-0001,S04-R01,S04,riesgo,,,agente-8b-tecnologia-y-pagos,ai,8,F8-AG-01,metodologia v0.2,protocolo v0.2,2026-10-07,inicial,,,,,,,"Falla de energía, red o software del proveedor de nube que alcanza más de una zona de disponibilidad de la región","La región del proveedor deja de prestar los servicios que usa la plataforma (cómputo, base administrada, almacenamiento)","Plataforma sin servicio para los 146 clientes mientras dure la falla; créditos de nivel de servicio, reclamos de clientes y horas extra",v0/emi41/fichas/S04/S04-R01.md; v0/emi41/fichas/S04/empresa.md; v0/emi41/fichas/S04/transferencia.md,4,,,observed,EV-S04-011;EV-S04-010,"Jerarquía 1: historial público del proveedor para la misma región, 4 incidentes multi-zona con impacto en servicios que hoy usa la plataforma en 5 años y 9 meses (≈0,7 por año; ≈50% de al menos uno en 12 meses → 40–70% → 4). Jerarquía 2 coincide: 2 cortes propios en los últimos 36 meses (2024-11 y 2026-02), frecuencia < 1 por año → ancla 4. Sin ajuste §3.4: la dependencia del componente regional (comunicada 2026-06) ya existía en el período (es la falla de 2026-02) y la fuente de jerarquía 1 refleja las condiciones actuales (§3.4.5). Sector (3 días en otro proveedor, 2023-07) en observación.",2,1,3,inferred,EV-S04-013;EV-S04-014;EV-S04-010,"Escenario plausible: corte de varias horas en día hábil como los cuatro regionales (1 h 20 min a 9 h 10 min). Con 6 h: cliente principal 25% de USD 283 mil = USD 70,8 mil + resto 5% = USD 36 mil + horas extra ≈ USD 8 mil = USD 115 mil / RO 2025 USD 2,0 M (último ejercicio cerrado, positivo, sin partidas extraordinarias; EV-S04-001) = 5,7% → 2. Con 9 h 10 min (2024-11): USD 141,5 mil + 36 mil + 8 mil + descuento por reclamo USD 40 mil = USD 225,5 mil = 11,3% → 3 (max). Con 2 h: USD 28,3 mil = 1,4% → 1 (min). Sin facturación perdida (suscripción). El aviso y el modo sin conexión no cambian los créditos. Cola de 3 días con rescisión (nivel 5) no tomada como creíble para esta región: ver anomalía.",1,,,observed,v0/emi41/fichas/S04/empresa.md,Ninguna persona expuesta a daño físico: operación de oficina y nube (ficha del riesgo y de empresa).,1,,2,observed,EV-S04-010;EV-S04-011,Plataforma (función crítica) detenida al 100% mientras el proveedor restablece la región. Bruto = esperar al proveedor (§2.4): 1 h 20 min a 9 h 10 min en los cuatro incidentes regionales → < 1 día → 1. Max 2: 3 días del caso sectorial (otro proveedor y continente).,1,,2,observed,EV-S04-014,"Sin notificación regulatoria (no hay pérdida de datos). Reclamo contractual del cliente principal en 2024-11, cerrado con descuento sin litigio → sin consecuencia jurídica relevante (1); max 2 si el reclamo fuera judicial.",4,,5,observed,EV-S04-015,"Modo sin conexión de la app probado (actuación real 2026-02: 94% de los pedidos móviles sincronizados) y aviso a clientes a los 12–25 min; pero la ficha dice que ninguna medida limita la duración ni los créditos, que se calculan sobre la disponibilidad. Para la organización el daño se produce casi completo → 4 (max 5 si se ignora el efecto del modo sin conexión sobre el reclamo).",5,,,observed,EV-S04-010;sin_evidencia,"Recuperación real: esperar al proveedor (la plataforma volvió sola en 2024-11 y 2026-02). Reconstrucción en otra región nunca ensayada, sin plan escrito, con copias en la misma región y estimada en 2–4 días (assumed), más que la interrupción bruta: no acorta nada → 5.",2,econ,"econ:cont,rec(secuencial);pers:cont;cont:cont,rec(min);legal:cont",econ,false,,false,true,,,medium,Duración de una falla regional futura (rango histórico de 1 h a 9 h; caso sectorial de 3 días) y si el cliente principal reclamaría; réplica de copias fuera de la región sin confirmar.,32,,60,§2.1;§2.2;§2.4;§3.2;§3.3;§3.4.5;§4.2;§4.4;§5.3;§5.4;§5.5;§6;§9.1;D8;D14;D15,Evento iniciador = la región deja de prestar servicio. P 4 por jerarquía 1 y 2 coincidentes. Determina económico: créditos de nivel de servicio de un corte de horas; contención débil y recuperación nula (se espera al proveedor).,,pending,,,AN-8-tecnologia-y-pagos-0001;AN-8-tecnologia-y-pagos-0007
EV-8-tecnologia-y-pagos-0002,S04-R02,S04,riesgo,,,agente-8b-tecnologia-y-pagos,ai,8,F8-AG-01,metodologia v0.2,protocolo v0.2,2026-10-07,inicial,,,,,,,"Un atacante obtiene acceso a la cuenta de nube de producción (credencial o clave robada, o explotación de un servidor expuesto)",El atacante ejecuta código con privilegios en la cuenta de producción,"Cifrado de servidores y base, posible borrado de copias y extracción de datos; plataforma sin servicio hasta reconstruirla; créditos, reclamos, notificación si hubo extracción",v0/emi41/fichas/S04/S04-R02.md; v0/emi41/fichas/S04/empresa.md; v0/emi41/fichas/S04/transferencia.md,2,2,4,reported,EV-S04-024;EV-S04-022;EV-S04-023;EV-S04-020;EV-S04-021,"Historia propia (7 años de registro) sin ocurrencias del evento: descarta 4 y 5. Jerarquía 1: encuesta sectorial de la cámara, 3 casos en 76 empresas-año (3,9% < 5%) → 1; +1 (§3.4.2) por condiciones peores que el sector que la fuente no refleja: segundo factor en 70% de las identidades (58% del sector lo tiene en todas), copias en la misma cuenta (45% del sector las tiene fuera), 14 vulnerabilidades críticas abiertas > 30 días, 9 claves sin rotar → 2. Jerarquía 2 diverge: precursores propios (2025-03 contraseña escrita bloqueada por segundo factor; 2026-02 12.400 intentos de fuerza bruta) → ancla 3. Rango 2–3 por divergencia; max 4 por la lectura que usa el comparable de la misma ciudad (2025-06) +1 (ver anomalía).",4,4,5,inferred,EV-S04-027;EV-S04-023;EV-S04-013,"Escenario bruto (nada contiene): forense USD 120–180 mil + créditos USD 177,5 mil (el doble si cruza dos meses) + horas extra USD 40–60 mil + notificación USD 33 mil + asesoría legal USD 50 mil + pérdida de clientes 15% de la facturación como en el comparable = USD 1,34 M de margen de contribución (74%) → ≈ USD 1,9 M / RO 2025 USD 2,0 M (último ejercicio cerrado, positivo, sin partidas extraordinarias; EV-S04-001) ≈ 95% → 4. Max 5: multa (hasta USD 1,5 M) o rescisión del cliente principal (derecho por corte > 48 h; USD 2,5 M de margen) lo llevan a ≥ 100%. Sin seguro (D17 no cambia nada).",1,,,observed,v0/emi41/fichas/S04/empresa.md,Ninguna persona expuesta a daño físico: operación de oficina y nube (ficha del riesgo y de empresa).,4,3,5,inferred,EV-S04-025;sin_evidencia,"Copias y recreación del entorno cargadas en V-recuperación (§2.2.4). Sin ellas, la base cifrada (6,2 TB) se pierde y la plataforma (función crítica) queda detenida o degradada más de la mitad hasta reconstruir entorno y recargar datos: más de 2 semanas → 4. Min 3 si se toman los 5–8 días de la ficha; max 5 si la pérdida de datos impide reanudar en 3 meses. Ver anomalía A11.",3,2,4,inferred,EV-S04-027,Con extracción de datos de unos 410 mil titulares: notificación obligatoria a la autoridad en 72 h y a los titulares (también en Chile) → 3. Min 2 si no hubo extracción; max 4 si la autoridad suspende el tratamiento de la base.,4,,5,observed,EV-S04-020;EV-S04-022,"Sin monitoreo de seguridad en servidores ni alertas de borrado de copias; registros de auditoría que nadie revisa; detección esperada por caída del servicio o aviso de clientes; sin plan de respuesta ni contrato forense. Separación de cuentas (barrera pasiva sin verificar desde 2024) no protege la cuenta de producción comprometida; sin segmentación interna. Detección tardía, respuesta sin entrenamiento → 4 (max 5).",3,,4,observed,EV-S04-025;EV-S04-026,"Instantáneas diarias y registro de transacciones en la misma cuenta, borrables por 11 administradores; última restauración ensayada 2024-05 (más de 12 meses, sólo la base). Exportación semanal a disco de la oficina nunca restaurada completa. Alternativa formal presente sin prueba → 3; max 4 si el atacante borra las copias de la cuenta.",4,econ;cont,"econ:cont,rec(secuencial);pers:cont;cont:cont,rec(min);legal:cont",econ,false,,false,true,,,medium,Divergencia de fuentes de P; si hubo extracción; texto del contrato renovado con el cliente principal (límite de responsabilidad); si las copias sobreviven.,32,,100,§2.1;§2.2.4;§2.4;§3.2;§3.3;§3.4;§4.2;§4.4;§4.5;§5.2;§5.3;§5.4;§5.5;§6;§9.1;D8;D14;D15;D17,"Evento iniciador = ejecución de código con privilegios en producción. P 2 por la fuente de mayor jerarquía, con rango por precursores propios. Determina económico (pérdida de clientes y respuesta, ≈95% del RO) con contención débil.",,pending,,,AN-8-tecnologia-y-pagos-0002;AN-8-tecnologia-y-pagos-0003;AN-8-tecnologia-y-pagos-0008
EV-8-tecnologia-y-pagos-0003,S04-R03,S04,riesgo,,,agente-8b-tecnologia-y-pagos,ai,8,F8-AG-01,metodologia v0.2,protocolo v0.2,2026-10-07,inicial,,,,,,,"Un integrante del equipo crea o modifica un contenedor con lectura pública, o publica una copia de datos fuera de los controles",Datos de clientes quedan accesibles desde internet sin autenticación,"Acceso de terceros a datos personales de clientes finales y datos comerciales; notificación, multas y reclamos",v0/emi41/fichas/S04/S04-R03.md; v0/emi41/fichas/S04/empresa.md; v0/emi41/fichas/S04/transferencia.md,4,3,4,observed,EV-S04-030;EV-S04-031;EV-S04-033,"Jerarquía 2: antecedente propio 2025-09-02 (contenedor público con 18.200 registros durante 6 días), dentro de los últimos 36 meses y con frecuencia < 1 por año → 4. Sin ajuste: la regla escrita de 2025-10 no es un control verificado; las revisiones trimestrales ya existían; los 3 contenedores públicos de 2026-06 son precursores, no cambian el nivel. Informe sectorial (23% anual en 1.600 organizaciones de otros países y tamaños, 15–40% → 3) no es comparable: jerarquía 4; queda como min.",2,2,4,inferred,EV-S04-034;EV-S04-032,"Escenario plausible: un contenedor con una exportación o copia de una cartera (como el de 2025-09, 18.200 registros). Asesoría legal y forense USD 50–90 mil + notificación USD 0,08 por titular + multa baja sin antecedentes + reclamo del cliente afectado ≈ USD 60–150 mil / RO 2025 USD 2,0 M (último ejercicio cerrado, positivo, sin partidas extraordinarias; EV-S04-001) = 3–7,5% → 2. Max 4: varias carteras expuestas, multa alta y reclamos fuera del límite por confidencialidad. Número de titulares desconocido (dato auxiliar, §9.2 F5-1).",1,,,observed,v0/emi41/fichas/S04/empresa.md,Ninguna persona expuesta a daño físico: operación de oficina y nube (ficha del riesgo y de empresa).,1,,,observed,EV-S04-032,Ninguna función crítica se detiene; la plataforma sigue funcionando → 1.,3,2,4,inferred,EV-S04-034,Datos accesibles sin autenticación: notificación obligatoria a la autoridad (72 h) y a titulares → 3. Min 2 (en 2025-09 no se notificó por falta de evidencia de acceso); max 4 si la autoridad suspende el tratamiento.,4,3,4,observed,EV-S04-031;EV-S04-032,"Alerta automática sólo sobre 380 de 2.300 contenedores, sin actuación real (no avisó en 2026-06); revisión manual trimestral (probada: halló casos reales) detecta en hasta 3 meses; registro de accesos en 60%; sin procedimiento de respuesta a brechas. Detección tardía, el daño se produce casi completo → 4 (min 3).",no_aplica,,,observed,EV-S04-032,La ficha dice que no hay servicio que restablecer ni datos que reponer; lo leído no se recupera → no_aplica (§5.5.2).,3,legal,econ:cont;pers:cont;cont:cont;legal:cont,legal,false,,false,true,,Inventario de contenedores con datos personales y cantidad de titulares; cobertura real de la alerta y del registro de accesos.,high,No hay inventario de qué contenedores tienen datos personales ni cuántos titulares; no se sabe si el contenedor de 2025-09 fue leído.,48,,64,§2.1;§3.2;§3.3;§3.4;§4.2;§4.5;§5.3;§5.5.2;§6;§9.1;§9.2;D8;D14,Evento = datos accesibles sin autenticación. P 4 por antecedente propio de 2025-09. Determina legal (notificación obligatoria) con contención tardía; recuperación no aplica.,,pending,,,AN-8-tecnologia-y-pagos-0004
EV-8-tecnologia-y-pagos-0004,S04-R04,S04,riesgo,,,agente-8b-tecnologia-y-pagos,ai,8,F8-AG-01,metodologia v0.2,protocolo v0.2,2026-10-07,inicial,,,,,,,"Robo de la contraseña de una cuenta de soporte, o una persona con acceso legítimo que decide usarlo para otro fin",Alguien usa una credencial de soporte válida para entrar a datos o cuentas de clientes sin pedido de soporte,"Lectura o descarga de datos de clientes y clientes finales, o cambios en cuentas (datos bancarios de facturas); notificación y reclamos",v0/emi41/fichas/S04/S04-R04.md; v0/emi41/fichas/S04/empresa.md; v0/emi41/fichas/S04/transferencia.md,3,,4,observed,EV-S04-041;EV-S04-042;EV-S04-043;EV-S04-046,"Historia propia sin uso indebido confirmado (la cuenta activa de 2024-07 no se sabe si se usó): descarta 4 y 5. Precursores propios: contraseña compartida por chat (2026-01) e intentos de ingreso desde otro país (2026-05) → ancla 3. El informe sectorial da una proporción de brechas (19%), no una frecuencia. Sin ajuste: falta de segundo factor y rotación del contratista ya existían en el período. Max 4: no se sabe cuántas personas conocen las contraseñas.",3,,5,inferred,EV-S04-040;EV-S04-046,"Escenario plausible: uso para descargar datos o cambiar datos bancarios de un cliente promedio (factura USD 1,9 M por mes por la plataforma). Asesoría y forense USD 50–90 mil + notificación + reclamo del cliente por pagos desviados durante unos días (≈ USD 60 mil por día facturado) ≈ USD 200–500 mil / RO 2025 USD 2,0 M (último ejercicio cerrado, positivo, sin partidas extraordinarias; EV-S04-001) = 10–25% → 3. Max 5: desviación sobre el cliente principal (USD 14 M por mes) o multa alta. La indemnización del contratista (hasta USD 100 mil) es un recupero posterior: no reduce I (§4.1.4); no cambia el nivel de recuperación.",1,,,observed,v0/emi41/fichas/S04/empresa.md,Ninguna persona expuesta a daño físico: operación de oficina y nube (ficha del riesgo y de empresa).,1,,,observed,EV-S04-040,Ninguna función crítica se detiene; revisión de cuentas de 1 a 3 días sin cortar el servicio → 1.,3,2,3,inferred,EV-S04-040,Acceso a datos personales: notificación obligatoria a la autoridad y a titulares → 3; denuncia penal contra la persona (no contra directivos) no sube a 4. Min 2 si sólo hubo cambios sin datos personales.,4,3,4,observed,EV-S04-044;EV-S04-040,"Alerta por volumen probada (actuación real 2026-03: avisó a los 4 min, pero la guardia la revisó al día siguiente); no alerta sobre cambios de datos bancarios ni sobre 'entrar como'; número de pedido no validado; bloqueo en minutos sólo si se detecta. Rol de soporte sin restricción por cliente (barrera pasiva inexistente, permisos sin revisar desde 2024-08). Detección tardía o por terceros en la variante de pagos → 4 (min 3).",3,,4,observed,EV-S04-040,"Registro de cambios que vuelve atrás datos bancarios, precios o pedidos: probado (6 usos exitosos en 2025), pero sólo repone los datos alterados; lo leído no se recupera y los pagos desviados no tienen procedimiento → alternativa probada parcial → 3 (max 4).",3,econ;legal,"econ:cont,rec(secuencial);pers:cont;cont:cont,rec(min);legal:cont",econ;legal,false,,false,true,,,medium,Cuántas personas conocen las contraseñas del contratista; qué variante (lectura o desvío de pagos) es la plausible; monto de multa.,36,,80,§2.1;§3.2;§3.3;§3.4;§4.1.7;§4.2;§4.5;§5.3;§5.4;§5.5;§6;§9.1;D8;D14;D17,Evento = uso de una credencial válida sin pedido de soporte (§2.1.2). P 3 por precursores propios. Empatan económico y legal; contención tardía y recuperación parcial.,,pending,,,AN-8-tecnologia-y-pagos-0010
EV-8-tecnologia-y-pagos-0005,S04-R05,S04,riesgo,,,agente-8b-tecnologia-y-pagos,ai,8,F8-AG-01,metodologia v0.2,protocolo v0.2,2026-10-07,inicial,,,,,,,"Ofertas de empleo externas, desgaste o un conflicto interno que alcanza a las dos personas",El arquitecto principal y el líder técnico del motor de pedidos renuncian dentro de un mismo período de 60 días,Nadie puede corregir fallas complejas ni cambiar el módulo heredado hasta formar o contratar reemplazos; demoras en correcciones y en entregas comprometidas,v0/emi41/fichas/S04/S04-R05.md; v0/emi41/fichas/S04/empresa.md; v0/emi41/fichas/S04/transferencia.md,3,2,3,observed,EV-S04-051;EV-S04-052;EV-S04-053,"Historia propia de 9 años sin salidas simultáneas: descarta 4 y 5. Precursor propio: oferta escrita del exterior al líder técnico (2026-07), rechazada → ancla 3. Rotación sectorial del 21% anual es por persona, no frecuencia del evento conjunto. Ajustes que se compensan: +1 por la encuesta de clima de 2026-08 (14 de 38 buscando trabajo) y −1 por el aumento del 18% (2026-07-28) y las opciones que consolidan en 2027-03 → 3. Min 2 si sólo se aplica el −1.",3,,4,inferred,EV-S04-055;EV-S04-056,"Orden de trabajo del cliente principal (entrega 2027-03, 70% del pendiente toca el módulo): con 9–14 meses hasta tener reemplazo, la demora > 60 días es plausible → penalidad USD 300 mil + búsquedas USD 40 mil ≈ USD 340 mil / RO 2025 USD 2,0 M (último ejercicio cerrado, positivo, sin partidas extraordinarias; EV-S04-001) = 17% → 3. Max 4: si además rescinde la orden, devolución de USD 360 mil + margen de lo pendiente (20% de USD 540 mil) ≈ USD 770 mil = 38%.",1,,,observed,v0/emi41/fichas/S04/empresa.md,Ninguna persona expuesta a daño físico: operación de oficina y nube (ficha del riesgo y de empresa).,4,,5,reported,EV-S04-005;EV-S04-054,Función crítica 'mantenimiento y corrección del núcleo': sin capacidad para fallas complejas (9 de 31 incidentes de 2025) durante 3–5 meses de contratación + 6–9 de aprendizaje = 9–14 meses (> 3 meses → 5 como interrupción). El resto del equipo resolvió 22 de 31: degradación menor a la mitad → un nivel menos → 4 (§4.4). Max 5 si el trabajo sobre el módulo heredado cae más de la mitad.,2,1,2,inferred,EV-S04-055,Reclamo contractual del cliente principal por la orden (penalidad y devolución) → reclamo individual acotado → 2. Sin consecuencias regulatorias.,3,,4,observed,EV-S04-050;EV-S04-054,"Desarrollador en formación desde 2026-04: en la prueba de 2026-08 resolvió solo 2 de 4 incidentes del módulo (ensayo documentado en 12 meses, cubre una parte); preaviso de 30 días sin procedimiento de transferencia. Limita parte del daño y deja pasar una parte importante → 3 (max 4).",4,3,4,observed,EV-S04-056;EV-S04-050,"Consultora externa sólo cotizada (sin contrato ni ensayo, 3 meses de aprendizaje), documentación del 20%, sin plan de sucesión: capacidad no formal que cubre poco → 4 (min 3 si la cotización se toma como alternativa formal).",4,cont,"econ:cont,rec(secuencial);pers:cont;cont:cont,rec(min);legal:cont",cont,false,,false,true,,,medium,Qué parte de la orden puede hacer el resto del equipo; si el cliente rescindiría la orden; P con ajustes compensados.,36,,60,§2.1;§2.4;§3.2;§3.3;§3.4;§4.2;§4.4;§4.5;§5.1;§5.3;§5.4;§5.5;§6;§9.1;D8;D14,Evento = las dos renuncias dentro de 60 días. P 3 por precursor propio. Determina continuidad (degradación del mantenimiento del núcleo por 9–14 meses).,,pending,,,AN-8-tecnologia-y-pagos-0009
EV-8-tecnologia-y-pagos-0006,S04-R06,S04,riesgo,,,agente-8b-tecnologia-y-pagos,ai,8,F8-AG-01,metodologia v0.2,protocolo v0.2,2026-10-07,inicial,,,,,,,Una biblioteca o componente de terceros con una vulnerabilidad sin corregir en producción,Un atacante explota la vulnerabilidad y ejecuta código en los servidores de aplicación,"Acceso a la base con las credenciales de la aplicación, reconstrucción de servidores, notificación, créditos y reclamos",v0/emi41/fichas/S04/S04-R06.md; v0/emi41/fichas/S04/empresa.md; v0/emi41/fichas/S04/transferencia.md,3,,4,observed,EV-S04-061;EV-S04-062;EV-S04-063;EV-S04-064;EV-S04-046,"Sin explotación confirmada desde 2017: descarta 4 y 5. Precursores propios: vulnerabilidad de ejecución remota en 2023-04 sin corregir 9 días; 2.300 intentos bloqueados en 2025-02 → ancla 3. Sector: proporción de brechas (14%), no frecuencia. Ajustes que se compensan: +1 por la biblioteca de planillas de 2019 con 3 vulnerabilidades críticas publicadas, expuesta a archivos de usuarios, sin análisis de dependencias en el módulo heredado; −1 por el análisis automático semanal del código nuevo desde 2025-11 (posterior a los precursores) → 3. Max 4 si sólo se aplica el +1. El cortafuegos de aplicaciones actúa antes del evento: queda en P (ya existía en 2025-02, sin ajuste).",3,,5,inferred,EV-S04-027;EV-S04-013,"Escenario plausible: base no alterada, plataforma detenida 1–3 días. Respuesta USD 120–180 mil + horas extra USD 15–30 mil + créditos USD 177,5 mil (mes bajo 99,0%) + notificación USD 33 mil + legal USD 50 mil ≈ USD 430 mil / RO 2025 USD 2,0 M (último ejercicio cerrado, positivo, sin partidas extraordinarias; EV-S04-001) = 22% → 3. Max 5: corte > 48 h (derecho a rescindir del cliente principal, USD 2,5 M de margen) o multa alta.",1,,,observed,v0/emi41/fichas/S04/empresa.md,Ninguna persona expuesta a daño físico: operación de oficina y nube (ficha del riesgo y de empresa).,2,,3,assumed,sin_evidencia,Plataforma detenida mientras se reconstruyen los 31 servidores y se rotan credenciales: 1–3 días (estimación del SRE) → 2. La recreación desde código y la restauración de la base se cargan en V-recuperación (§2.2.4); max 3 si la base fue alterada. Ver anomalía A11.,3,,4,inferred,EV-S04-060,Acceso a datos personales de 410 mil titulares con la credencial de la aplicación: notificación obligatoria a la autoridad y titulares (también Chile) → 3; max 4 por suspensión del tratamiento.,4,,5,observed,EV-S04-062;EV-S04-065,"Después de la explotación: sin monitoreo de seguridad en tiempo real, registros de 30 días, rotación de la credencial de la base escrita pero nunca ejecutada, sin plan de respuesta. El cortafuegos no detecta la explotación por planilla ni sin regla. Detección tardía, respuesta sin ensayo → 4 (max 5).",3,2,3,observed,EV-S04-065;EV-S04-025,"Recreación de servidores desde código usada en 2026-05 para 4 servidores en 3 h (actuación real parcial, nunca los 31); restauración de la base ensayada en 2024-05 (más de 12 meses) → alternativa probada parcial o presente sin prueba → 3 (min 2).",3,econ;legal,"econ:cont,rec(secuencial);pers:cont;cont:cont,rec(min);legal:cont",econ;legal,false,,false,true,,,medium,Vulnerabilidades de las 280 dependencias del módulo heredado sin analizar; si la base sería alterada; duración real de la reconstrucción.,36,,80,§2.1;§2.2;§2.2.4;§3.2;§3.3;§3.4;§4.2;§4.4;§4.5;§5.2;§5.3;§5.4;§5.5;§6;§9.1;D8;D14;D15,Evento = explotación con ejecución de código en servidores. P 3 por precursores con ajustes compensados. Empatan económico y legal.,,pending,,,AN-8-tecnologia-y-pagos-0002;AN-8-tecnologia-y-pagos-0008
EV-8-tecnologia-y-pagos-0007,S04-R07,S04,riesgo,,,agente-8b-tecnologia-y-pagos,ai,8,F8-AG-01,metodologia v0.2,protocolo v0.2,2026-10-07,inicial,,,,,,,"Cortes de la plataforma por errores de despliegue, fallas de la base o del proveedor de nube que se acumulan en un mes","La disponibilidad mensual medida para el cliente principal queda por debajo del 99,9% (más de 43 min de corte en el mes)","Crédito sobre la cuota mensual del cliente principal (y, si se repite, derecho a rescindir: fuera de I por §4.1.5)",v0/emi41/fichas/S04/S04-R07.md; v0/emi41/fichas/S04/empresa.md; v0/emi41/fichas/S04/transferencia.md,5,,,observed,EV-S04-070;EV-S04-071,"Jerarquía 1 y 2: registro propio de 45 meses con 6 meses bajo 99,9%; 5 en los últimos 36 meses (2024-03, 2024-11, 2025-08, 2026-02, 2026-05) → frecuencia media ≥ 1 por año → ancla 5 (≈82% anual por frecuencia mensual 6/45). Sin ajuste: despliegues fuera de pico desde 2026-06 no verificados en efecto (2026-07 y 2026-09 quedaron a 34 y 30 min del umbral).",1,,2,observed,EV-S04-071;EV-S04-014,"Escenario plausible: un mes bajo 99,9% por un corte de alrededor de 1 h → crédito del 10% = USD 28,3 mil / RO 2025 USD 2,0 M (último ejercicio cerrado, positivo, sin partidas extraordinarias; EV-S04-001) = 1,4% → 1. Max 2: tramo del 50% (USD 141,5 mil) + descuento por reclamo USD 40 mil = 9%. La rescisión por repetición queda fuera (causa nueva e independiente, §4.1.5).",1,,,observed,v0/emi41/fichas/S04/empresa.md,Ninguna persona expuesta a daño físico: operación de oficina y nube (ficha del riesgo y de empresa).,1,,,observed,EV-S04-070,El incumplimiento es un resultado mensual: los cortes ya pasaron y la plataforma está restablecida → no hay interrupción atribuible al evento → 1.,1,,2,observed,EV-S04-014,Crédito automático contractual; reclamo formal en 2024-11 cerrado sin litigio → 1; sin consecuencias regulatorias. Max 2.,3,2,3,observed,EV-S04-072;EV-S04-014,"Monitoreo cada minuto con guardia (actuó en los 6 meses, 3–11 min), vuelta atrás automatizada (probada; falló una vez en 2026-05) y gestión de la relación (2024-11: el cliente aceptó crédito y descuento) limitan el tramo del crédito y el reclamo, pero el crédito del 10% se produce completo → 3 (min 2).",no_aplica,,,observed,EV-S04-071,El crédito se descuenta y nada lo recupera; la plataforma ya está restablecida cuando se mide: no hay interrupción ni pérdida recuperable → no_aplica (§5.5.2).,1,econ;pers;cont;legal,econ:cont;pers:cont;cont:cont;legal:cont,econ;pers;cont;legal,false,,false,true,,,low,,15,,30,§2.1;§3.2;§3.3;§4.1.5;§4.2;§5.3;§5.5.2;§6;D14,Evento = mes bajo el umbral. P 5 por frecuencia propia. Todas las dimensiones en 1; las cuatro empatan como determinantes.,,pending,,,AN-8-tecnologia-y-pagos-0005;AN-8-tecnologia-y-pagos-0006;AN-8-tecnologia-y-pagos-0007
EV-8-tecnologia-y-pagos-0008,S29-P01,S29,padre,,,agente-8b-tecnologia-y-pagos,ai,8,F8-AG-01,metodologia v0.2,protocolo v0.2,2026-10-07,inicial,,,,,,,,El servicio de autorización deja de responder los pagos en las dos regiones (evento común de la ficha del padre; cada hijo tiene su evento iniciador),"Comercios sin cobro con tarjeta por la empresa mientras dure; margen perdido, notificación al regulador, reclamos",v0/emi41/fichas/S29/S29-P01.md,,,,,,,,,,,,,,,,,,,,,,,,,,,,,,,,,,,,,,,,,,,,,,,,,,,,,,,,,,§1.2;§1.3;§1.4;§7.1,"Prueba de §1.3.5: sí, la consecuencia concreta es la misma (indisponibilidad de la autorización de pagos) cualquiera sea la causa (nube global, ransomware, despliegue). Sin factores ni score propios. Hijo prioritario por D10 paso 2: S29-P01-S01; se muestra en su posición con sus factores; demás hijos: S29-P01-S03, S29-P01-S02. prioridad_provisional = false (los tres hijos son evaluables).",,pending,,,AN-8-tecnologia-y-pagos-0016
EV-8-tecnologia-y-pagos-0009,S29-P01-S01,S29,sub_riesgo,S29-P01,,agente-8b-tecnologia-y-pagos,ai,8,F8-AG-01,metodologia v0.2,protocolo v0.2,2026-10-07,inicial,,,,,,,"Falla de un servicio global del proveedor de nube del que dependen las dos regiones (identidad, nombres de dominio, plano de control)",Los servicios del proveedor que usa la autorización dejan de responder en las dos regiones a la vez,"La autorización no responde los pagos mientras dure la falla; margen perdido, créditos a grandes comercios, notificación al regulador",v0/emi41/fichas/S29/S29-P01-S01.md; v0/emi41/fichas/S29/empresa.md; v0/emi41/fichas/S29/transferencia.md,4,,,observed,EV-S29-011;EV-S29-010;EV-S29-012,"Jerarquía 1: historial público del proveedor, 3 incidentes de servicios globales multi-región en 5 años y 9 meses (≈0,52 por año; ≈41% de al menos uno en 12 meses → 40–70% → 4). Historia propia con dos regiones desde 2024-06: antecedente 2025-06-19 (52 min), dentro de 36 meses → 4. Sector: 4 de 19 procesadores en 2025 (21%) en observación. Sin ajuste: credenciales de 12 h y segundo proveedor de nombres actúan después de la falla del proveedor (contención, ver anomalía); la dependencia del plano de control ya existía en el período.",1,,2,inferred,EV-S29-015;EV-S29-035;EV-S29-010,"Escenario bruto: autorización detenida mientras el proveedor restablece (52 min a 2 h 40 min). Margen perdido USD 14 mil por hora (USD 33 mil en día pico) × 60% no recuperado + créditos a los 50 mayores USD 205 mil + horas extra USD 12 mil ≈ USD 240–300 mil / RO 2025 USD 32,1 M (último ejercicio cerrado, positivo, sin partidas extraordinarias; EV-S29-001) < 1% → 1. Max 2 por una falla global de muchas horas en día pico. La póliza ciber excluye este caso; igual no reduciría I (D17).",1,,,observed,v0/emi41/fichas/S29/empresa.md,Ninguna persona expuesta a daño físico: operación de oficina y nube (ficha del riesgo y de empresa).,1,,2,observed,EV-S29-010;EV-S29-011,Autorización (función crítica) detenida al 100% durante la falla del proveedor: 52 min a 2 h 40 min en los incidentes globales → < 1 día → 1. Max 2 si la falla superara un día (sin antecedentes).,2,,3,observed,EV-S29-010;EV-S29-004,"Notificación obligatoria al regulador dentro de 4 h por interrupción > 30 min (en 2025-06 se notificó, sin multa); la notificación en plazo no es infracción → 2. Max 3: plan de adecuación si el regulador juzga mal gestionada la dependencia. Ver anomalía sobre el ancla 3.",2,1,3,observed,EV-S29-013;EV-S29-010;EV-S29-014,"Credenciales de 12 h (ejercicio 2026-02: la autorización siguió respondiendo con identidad bloqueada 2 h) y segundo proveedor de nombres (ejercicio 2026-04): probadas, cubren 2 de los 3 tipos de falla global conocidos y evitan que la función se detenga (contención, §5.1 [F5-2]). Autorización de respaldo de las redes probada en 2025-06 (41% de los pagos). Para otros servicios globales (plano de control, dependencias no informadas) sólo queda el respaldo de las redes. Probadas que limitan a una parte acotada → 2 (min 1, max 3).",3,,4,observed,EV-S29-010,Esperar al proveedor (volvió en 52 min en 2025-06) y reprocesamiento automático de los comercios en línea durante 24 h (actuación real 2025-06: recuperó el 18% de los pagos rechazados): alternativa probada que repone sólo una parte → 3 (max 4). Sin tercera región ni segundo proveedor.,2,legal,"econ:cont,rec(secuencial);pers:cont;cont:cont,rec(min);legal:cont",legal,false,,false,true,,,medium,Qué otros servicios globales del proveedor son necesarios para la autorización (el proveedor no entregó el detalle de dependencias).,16,,36,§1.4;§2.1;§2.2;§3.2;§3.3;§3.4;§4.2;§4.4;§4.5;§5.1;§5.3;§5.4;§5.5;§6;§9.1;D8;D14;D15;D17,Evento iniciador = falla de servicios globales del proveedor en las dos regiones. P 4 por jerarquía 1 y antecedente propio. Determina legal (notificación al regulador); contención probada parcial.,,pending,,,AN-8-tecnologia-y-pagos-0011;AN-8-tecnologia-y-pagos-0012
EV-8-tecnologia-y-pagos-0010,S29-P01-S02,S29,sub_riesgo,S29-P01,,agente-8b-tecnologia-y-pagos,ai,8,F8-AG-01,metodologia v0.2,protocolo v0.2,2026-10-07,inicial,,,,,,,"Un atacante obtiene una credencial o acceso a la red de producción (correo engañoso, proveedor comprometido, vulnerabilidad)",El atacante ejecuta código con privilegios en las cuentas de nube de producción,"Cifrado de servidores y bases de la autorización en las dos regiones; autorización sin respuesta hasta restaurar; margen perdido, créditos, respuesta, notificaciones",v0/emi41/fichas/S29/S29-P01-S02.md; v0/emi41/fichas/S29/empresa.md; v0/emi41/fichas/S29/transferencia.md,1,,3,reported,EV-S29-023;EV-S29-020;EV-S29-021;EV-S29-024;EV-S29-022,"Historia propia de 8 años sin el evento: descarta 4 y 5. Jerarquía 1: equipo de respuesta sectorial, 12 casos en ≈420 entidades-año (2,9% < 5%) → 1; −1 por controles mejores que el sector (llaves físicas en todo acceso privilegiado frente al 35%) no baja de 1. Jerarquía 2 diverge: precursores propios (equipo rojo 2026-03 con administración de la red corporativa sin pasar a producción; campaña real 2026-06 con 12 clics) → ancla 3; comparable de un país vecino en 2024-09 (jerarquía 3) también 3. Rango 1–3 (§3.2).",3,,4,inferred,EV-S29-015;EV-S29-028;EV-S29-027,"Escenario bruto sin copias ni contención: reconstrucción de datos y configuración en 3–6 semanas (estimación de tecnología 2025). Margen perdido 21–42 días × USD 203 mil × 60% no recuperado ≈ USD 2,6–5,1 M + créditos USD 205 mil por 2 meses + forense USD 0,8–1,5 M + multa posible ≈ USD 4–8 M / RO 2025 USD 32,1 M (último ejercicio cerrado, positivo, sin partidas extraordinarias; EV-S29-001) = 12–25% → 3. Max 4 con temporada alta (2,3 veces) o multa máxima. La póliza ciber no reduce I (D17).",1,,,observed,v0/emi41/fichas/S29/empresa.md,Ninguna persona expuesta a daño físico: operación de oficina y nube (ficha del riesgo y de empresa).,4,,,inferred,EV-S29-027,"Copias inmutables y restauración en V-recuperación (§2.2.4). Sin ellas, autorización detenida (salvo lo que cubra el respaldo de las redes, que es contención) hasta reconstruir datos y configuración: 3–6 semanas → 4.",3,,4,inferred,EV-S29-004,"Notificación al regulador (4 h), a la autoridad de datos si hubo acceso y a las redes; plan de adecuación con inspección posible → 3. Max 4: suspensión de la incorporación de comercios nuevos.",2,,3,observed,EV-S29-020;EV-S29-026;EV-S29-010,Detección y respuesta en el 100% de las instancias con aislamiento automático (probada en el ejercicio de 2026-03: aisló 3 equipos en 6 min); centro de operaciones 24 h (9 min de respuesta media); separación corporativa/producción/regiones/copias verificada por el equipo rojo en 2026-03 (barreras pasivas probadas); procedimiento ensayado en 2026-05; respaldo de las redes (41% en 2025-06). Pero la replicación continua lleva el cifrado a la otra región. Probadas que limitan a una parte acotada → 2 (max 3).,1,,2,observed,EV-S29-025;EV-S29-027,Copias inmutables diarias en una tercera cuenta (bloqueo 35 días); restauración completa de la autorización ensayada 2026-07-15: 7 h 40 min hasta procesar pagos en una región → alternativa probada que restablece la función crítica en horas → 1. Max 2: la reconstrucción de las dos regiones no se ensayó (plan: 26 h).,4,cont,"econ:cont,rec(secuencial);pers:cont;cont:cont,rec(min);legal:cont",econ;legal,false,,false,true,,,medium,Divergencia entre la estadística sectorial y los precursores propios para P; si la detección actúa igual en producción que en la red corporativa.,6,,36,§1.4;§2.1;§2.2.4;§2.4;§3.2;§3.3;§3.4;§4.2;§4.4;§4.5;§5.2;§5.3;§5.4;§5.5;§6;§9.1;D8;D14;D15;D17,"Evento iniciador = ejecución de código con privilegios en producción. P 1 por la fuente de mayor jerarquía, con rango. Empatan económico y legal; contención y recuperación probadas.",,pending,,,AN-8-tecnologia-y-pagos-0013
EV-8-tecnologia-y-pagos-0011,S29-P01-S03,S29,sub_riesgo,S29-P01,,agente-8b-tecnologia-y-pagos,ai,8,F8-AG-01,metodologia v0.2,protocolo v0.2,2026-10-07,inicial,,,,,,,Una versión de software o un cambio de configuración con un defecto que las pruebas no detectan,La versión defectuosa entra en producción y empieza a procesar pagos,"La autorización rechaza o deja sin respuesta los pagos que pasan por esa versión hasta volver atrás; margen perdido, créditos, notificación si > 30 min",v0/emi41/fichas/S29/S29-P01-S03.md; v0/emi41/fichas/S29/empresa.md; v0/emi41/fichas/S29/transferencia.md,5,4,5,observed,EV-S29-030;EV-S29-031;EV-S29-033,"Jerarquía 2: registro propio de 5 años y 9 meses con 11 versiones defectuosas en producción; en los últimos 36 meses unas 6 (2024: 3; 2025: 2; 2026: 1) → al menos una por año → 5; en los últimos 12 meses, 2. La encuesta internacional (34% anual) mide interrupciones > 5 min en procesadores de otros tamaños y países: no es comparable con el evento, queda como sector. Sin ajuste −1: el entorno con tráfico reproducido (2025-09) ya estaba en los últimos 12 meses, que siguen con 2 casos. Min 4 si se aplicara ese −1.",1,,,observed,EV-S29-035;EV-S29-015,"Escenario bruto: versión en todo el tráfico durante horas. Margen perdido USD 14–33 mil por hora × 60% no recuperado + créditos USD 205 mil ≈ USD 0,25–0,5 M / RO 2025 USD 32,1 M (último ejercicio cerrado, positivo, sin partidas extraordinarias; EV-S29-001) < 2% → 1, aun en un día pico completo.",1,,,observed,v0/emi41/fichas/S29/empresa.md,Ninguna persona expuesta a daño físico: operación de oficina y nube (ficha del riesgo y de empresa).,1,,,observed,EV-S29-030,"Autorización con pagos rechazados o sin respuesta hasta corregir; en todos los casos, minutos u horas → < 1 día → 1.",2,,3,observed,EV-S29-030,"Notificación obligatoria al regulador si supera 30 min (5 de 11 casos notificados, ninguno con requerimiento posterior) → 2; max 3. Ver anomalía sobre el ancla 3.",1,,2,observed,EV-S29-032,"Despliegue gradual con vuelta atrás automática: actuaciones reales 2025-10 (3 min) y 2026-04 (6 min), con sólo el 5% del tráfico de una región afectado: probadas, actúan solas en minutos y dejan un incidente menor → 1. Max 2: no actúa si el defecto aparece después de la etapa del 5% (queda la guardia, 2–9 min).",1,,,observed,EV-S29-030,"Vuelta atrás automatizada a la versión anterior: en los 9 casos de todo el tráfico restableció el servicio entre 12 y 58 min (probada, horas) → 1; más reprocesamiento de pagos en línea.",2,legal,"econ:cont,rec(secuencial);pers:cont;cont:cont,rec(min);legal:cont",legal,false,,false,true,,,low,,10,,30,§1.4;§2.1;§3.2;§3.3;§3.4;§4.2;§4.4;§4.5;§5.1;§5.3;§5.4;§5.5;§6;D14,Evento iniciador = entrada en producción de la versión defectuosa. P 5 por frecuencia propia. Determina legal (notificación); contención y recuperación probadas.,,pending,,,AN-8-tecnologia-y-pagos-0012
EV-8-tecnologia-y-pagos-0012,S29-R04,S29,riesgo,,,agente-8b-tecnologia-y-pagos,ai,8,F8-AG-01,metodologia v0.2,protocolo v0.2,2026-10-07,inicial,,,,,,,"Robo de una credencial privilegiada, o una persona con acceso privilegiado legítimo que decide usarlo para otro fin",Alguien usa una credencial privilegiada válida para recuperar números de tarjeta desde la bóveda sin motivo autorizado,"Números de tarjeta en manos de terceros; cargos y multas de las redes, notificaciones, posible sanción del regulador",v0/emi41/fichas/S29/S29-R04.md; v0/emi41/fichas/S29/empresa.md; v0/emi41/fichas/S29/transferencia.md,1,,3,reported,EV-S29-043;EV-S29-040;EV-S29-041,"Jerarquía 1: estadística de una red de tarjetas, 3 compromisos con credenciales privilegiadas internas en ≈1.800 empresas-año (0,17% < 5%) → 1; sin ajuste (no hay comparación de controles con el sector; las asignaciones sobrantes de 2026-05 están corregidas). Jerarquía 2 diverge: antecedente propio 2023-02 (40 números consultados sin pedido), hace más de 36 meses → ancla 3; credencial publicada en 2024-10 sin uso (precursor). Rango 1–3 (§3.2).",4,3,5,inferred,EV-S29-045,"Escenario bruto (sin límite de conversiones, alertas ni restricción de salida): extracción masiva de la bóveda (4,1 M de tarjetas): cargos de las redes USD 12,3–32,8 M + forense USD 0,4–0,9 M + multas → USD 13–36 M / RO 2025 USD 32,1 M (último ejercicio cerrado, positivo, sin partidas extraordinarias; EV-S29-001) = 40–110% → 4 (valor plausible en la parte baja del rango de cargos). Min 3 si la extracción alcanza cientos de miles de tarjetas; max 5 con el cargo alto por tarjeta. Póliza ciber o de fidelidad no reducen I (D17).",1,,,observed,v0/emi41/fichas/S29/empresa.md,Ninguna persona expuesta a daño físico: operación de oficina y nube (ficha del riesgo y de empresa).,1,,,observed,EV-S29-045,Ninguna función crítica se detiene; la recertificación lleva 2–4 meses de trabajo sin cortar el servicio → 1.,3,,4,inferred,EV-S29-004,"Notificación a las redes (24 h), al regulador (4 h), a la autoridad de datos (72 h) y a titulares → 3. Max 4: las redes pueden suspender la habilitación como procesador hasta recertificar.",2,1,2,observed,EV-S29-044;EV-S29-041;EV-S29-042,"Límite de 500 conversiones por hora por cuenta (barrera pasiva, ensayo 2026-06: bloqueó en 500); alerta al centro de operaciones por > 200 por hora o sin pedido (ensayo 2026-06: atendida en 7 min); restricción de salida de datos verificada (alerta en 2 min); permisos por rol verificados 2026-08. Medidas probadas que limitan el daño a una parte acotada (cientos de tarjetas de 4,1 M) → 2 (min 1).",no_aplica,,,observed,EV-S29-045,"Los números comprometidos no se recuperan (los reemplazan los emisores), los cargos y multas no se recuperan y la operación no se interrumpe → no_aplica (§5.5.2).",4,econ,econ:cont;pers:cont;cont:cont;legal:cont,econ,false,,false,true,,,medium,Divergencia entre la estadística de la red y el antecedente propio; cantidad de tarjetas alcanzable en el escenario bruto; cargos finales por tarjeta los fija cada red.,8,,30,§2.1;§2.2.4;§3.2;§3.3;§4.2;§4.5;§5.3;§5.5.2;§6;§9.1;D8;D14;D17,Evento = uso de una credencial válida para recuperar números (§2.1.2). P 1 por jerarquía 1 con rango. Determina económico (cargos de las redes del escenario bruto); contención probada.,,pending,,,AN-8-tecnologia-y-pagos-0013
EV-8-tecnologia-y-pagos-0013,S29-R05,S29,riesgo,,,agente-8b-tecnologia-y-pagos,ai,8,F8-AG-01,metodologia v0.2,protocolo v0.2,2026-10-07,inicial,,,,,,,"Un empleado con permisos sobre las liquidaciones, solo o con un cómplice, decide desviar fondos","El empleado cambia la cuenta bancaria de destino de uno o más comercios, o carga ajustes manuales a favor de una cuenta suya","Pagos de liquidación desviados que la empresa debe reponer; investigación, denuncia y comunicación al regulador",v0/emi41/fichas/S29/S29-R05.md; v0/emi41/fichas/S29/empresa.md; v0/emi41/fichas/S29/transferencia.md,4,3,4,reported,EV-S29-051;EV-S29-050;EV-S29-053,"Historia propia de 9 años sin casos detectados: descarta 4 y 5 por historia propia. Jerarquía 1: encuesta de la asociación regional, 16 casos de más de USD 50 mil en 95 miembros-año (16,8% → 15–40% → 3). +1 (§3.4.2): control preventivo más débil que el habitual en el sector (12 de 19 miembros exigen segunda aprobación para todo ajuste; la empresa permite autoaprobación debajo de USD 5 mil, caso de 2026-07) → 4. Min 3 sin el ajuste.",2,,4,inferred,EV-S29-054;EV-S29-051,"Escenario bruto: cuenta cambiada de un comercio grande (el mayor recibe USD 1,2 M por día) durante 1–3 días hasta que el autor se retira, más forense y legal USD 80–200 mil ≈ USD 1,3–3,8 M / RO 2025 USD 32,1 M (último ejercicio cerrado, positivo, sin partidas extraordinarias; EV-S29-001) = 4–12% → 2 (valor más plausible: 2 días ≈ 7,9%). Max 4: varios comercios o semanas de desvío. Montos del sector (mediana USD 180 mil, máximo USD 2,4 M) son netos de recuperos. La póliza de fidelidad no reduce I (D17).",1,,,observed,v0/emi41/fichas/S29/empresa.md,Ninguna persona expuesta a daño físico: operación de oficina y nube (ficha del riesgo y de empresa).,1,,,observed,EV-S29-055,Ninguna función crítica se detiene; la revisión lleva 1–2 semanas a 4 personas sin cortar el servicio → 1.,2,,3,inferred,EV-S29-004,Comunicación al regulador como incidente operativo y denuncia penal contra el autor → 2; max 3 si el regulador pide un plan de adecuación con inspección. Ver anomalía sobre el ancla 3.,3,2,3,observed,EV-S29-055;EV-S29-053,"Aviso al comercio con espera de 24 h por cambio de cuenta (probado: frenó 7 fraudes externos en 2025), pero si el autor cambia también teléfono y correo el aviso le llega a él; la conciliación diaria no lo detecta; revisión mensual del 10% de ajustes (19 días en 2026-07); reclamo de comercios grandes en 1–3 días. Limitan parte y dejan pasar una parte importante → 3 (min 2).",3,,4,observed,EV-S29-055,"Pedido de devolución al banco receptor: probado en 2025 para errores (62% en 72 h, 70% total), sin registro en fraudes; acciones civil y penal sin antecedentes. Alternativa probada que repone sólo una parte → 3 (max 4).",2,econ;legal,"econ:cont,rec(secuencial);pers:cont;cont:cont,rec(min);legal:cont",econ;legal,false,,false,true,,,medium,Días y comercios alcanzados antes de detectar; si el autor puede cambiar el teléfono y el correo del comercio; recupero en casos de fraude.,24,,48,§2.1;§3.2;§3.3;§3.4;§4.2;§4.5;§5.3;§5.4;§5.5;§6;§9.1;D8;D14;D17,Evento = el cambio de cuenta o el ajuste fraudulento. P 4 por jerarquía 1 con +1. Empatan económico y legal.,,pending,,,AN-8-tecnologia-y-pagos-0012
EV-8-tecnologia-y-pagos-0014,S29-R06,S29,riesgo,,,agente-8b-tecnologia-y-pagos,ai,8,F8-AG-01,metodologia v0.2,protocolo v0.2,2026-10-07,inicial,,,,,,,"Errores en la extracción de datos, pasos manuales o falta de personal; un incidente que no se clasifica a tiempo",Un reporte obligatorio al regulador se entrega fuera de plazo o con datos erróneos,"Infracción al régimen del regulador: apercibimiento, multa y, por acumulación, plan de adecuación obligatorio u otras sanciones",v0/emi41/fichas/S29/S29-R06.md; v0/emi41/fichas/S29/empresa.md; v0/emi41/fichas/S29/transferencia.md,5,4,5,observed,EV-S29-060;EV-S29-062;EV-S29-061,"Jerarquía 1: el regulador publicó 40 sanciones por reporte a 46 proveedores en 2025 (0,87 por empresa; ≈58% de al menos una → 4); +1 por el área de reportes con 3 de 4 personas desde 2026-08 (condición que la fuente no refleja) → 5. Jerarquía 2 coincide: 3 incumplimientos en los últimos 36 meses (2024-04, 2025-09, 2026-02) = 1 por año → ancla 5. La validación automática y la segunda revisión no se pueden comparar con el sector (sin dato): sin −1. Min 4 (borde del ancla).",1,,,observed,EV-S29-061,"Multa de USD 20–400 mil por incumplimiento + legal y horas extra USD 10–30 mil ≤ USD 430 mil / RO 2025 USD 32,1 M (último ejercicio cerrado, positivo, sin partidas extraordinarias; EV-S29-001) = 1,3% → 1. La suspensión de altas (USD 0,9 M de margen) necesita otro incumplimiento durante el plan: causa nueva, fuera de I (§4.1.5).",1,,,observed,v0/emi41/fichas/S29/empresa.md,Ninguna persona expuesta a daño físico: operación de oficina y nube (ficha del riesgo y de empresa).,1,,,observed,EV-S29-060,Ninguna función crítica se detiene; rectificar lleva 1–5 días → 1.,3,2,3,observed,EV-S29-061;EV-S29-060,Sería el tercer incumplimiento en 24 meses (después de 2025-09 y 2026-02): el régimen de 2026-06 obliga a un plan de adecuación con inspección → 3. Min 2 si el regulador no cuenta los casos anteriores al régimen (apercibimiento o requerimiento).,3,,4,observed,EV-S29-060,"Rectificación o envío tardío inmediato con descargo (procedimiento escrito, usado en 2024-04, 2025-09 y 2026-02: el regulador no pasó de apercibimiento) y reunión trimestral con supervisión: limitan la multa, pero el plan obligatorio por acumulación se produce igual → 3 (max 4).",no_aplica,,,observed,EV-S29-060,La consecuencia es una infracción y su sanción: no hay servicio que restablecer ni pérdida que reponer → no_aplica (§5.5.2).,3,legal,econ:cont;pers:cont;cont:cont;legal:cont,legal,false,,false,true,,,medium,Cómo cuenta el regulador los incumplimientos anteriores al régimen de 2026-06; P en el borde del ancla 5.,45,,60,§2.1;§3.2;§3.3;§3.4;§4.1.5;§4.2;§4.5;§5.3;§5.5.2;§6;§9.1;D8;D14,Evento = reporte fuera de plazo o erróneo. P 5 por jerarquía 1 ajustada y frecuencia propia. Determina legal (plan de adecuación obligatorio por acumulación).,,pending,,,AN-8-tecnologia-y-pagos-0017;AN-8-tecnologia-y-pagos-0018
EV-8-tecnologia-y-pagos-0015,S29-R07,S29,riesgo,,,agente-8b-tecnologia-y-pagos,ai,8,F8-AG-01,metodologia v0.2,protocolo v0.2,2026-10-07,inicial,,,,,,,"Falla de seguridad en los sistemas del proveedor de verificación de identidad (credencial robada, error de configuración, vulnerabilidad)",Un tercero accede sin autorización a los legajos de comercios de la empresa guardados por el proveedor,"Documentos, fotos y datos bancarios de titulares y apoderados en manos de terceros; notificación a la autoridad y afectados; responsabilidad ante el regulador por la supervisión del proveedor",v0/emi41/fichas/S29/S29-R07.md; v0/emi41/fichas/S29/empresa.md; v0/emi41/fichas/S29/transferencia.md,3,2,4,reported,EV-S29-071;EV-S29-072;EV-S29-073,"Sin incidentes propios en proveedores desde 2018: descarta 4 y 5 por historia propia. Precursor: acceso indebido a la cuenta de un empleado del proveedor en 2025-03 ('sin datos de la empresa afectados', sin informe técnico) → ancla 3. Sector: 2 filtraciones en proveedores de verificación de la región 2022–2025, sin denominador (no da frecuencia). Sin ajuste: la auditoría vencida (2024-12) ya existía en el período del precursor. Rango 2–4: no se conocen los controles actuales del proveedor.",2,1,3,assumed,EV-S29-074;EV-S29-070;sin_evidencia,"Legajos expuestos entre 1.400 (si cumple el borrado a 90 días) y 31.000 (todos los enviados): notificación y monitoreo USD 35 mil a USD 0,78 M + legal y forense USD 60–150 mil + multa de datos (USD 1 mil a 1,5 M) y del regulador por falta de supervisión (USD 20 mil a 2 M; auditoría vencida y cuestionario sin respuesta) → con multas moderadas USD 0,7–2 M / RO 2025 USD 32,1 M (último ejercicio cerrado, positivo, sin partidas extraordinarias; EV-S29-001) = 2–6% → 2. Min 1 con 1.400 legajos y multas bajas; max 3 con 31.000 y multas máximas (USD 4,4 M = 13,8%). Supuesto: multas moderadas por primera infracción.",1,,,observed,v0/emi41/fichas/S29/empresa.md,Ninguna persona expuesta a daño físico: operación de oficina y nube (ficha del riesgo y de empresa).,1,,,inferred,EV-S29-075,"La autorización y la liquidación no se afectan; el evento no detiene ninguna función. La suspensión del proveedor sería una decisión de contención, no un efecto del evento (ver anomalía) → 1.",3,,,observed,EV-S29-004,Notificación obligatoria a la autoridad de datos (72 h) y a los titulares; el regulador puede pedir un plan de adecuación con inspección por la supervisión del proveedor → 3.,4,3,4,observed,EV-S29-071;EV-S29-076,Detección depende del aviso del proveedor (contrato 48 h; en 2025-03 avisó a los 9 días): detección tardía por terceros. Revocar la interfaz frena sólo lo nuevo. Procedimiento de respuesta a brechas con ejercicio de mesa 2025-10 (en los últimos 12 meses) ordena la notificación pero no limita la filtración → 4 (min 3).,3,,4,observed,EV-S29-070,"Los datos no se recuperan. Repetición contra el proveedor hasta 12 meses de lo facturado (USD 310 mil): recupero formal (contrato) parcial, sin prueba → 3 (max 4).",3,legal,"econ:cont,rec(secuencial);pers:cont;cont:cont,rec(min);legal:cont",legal,false,,false,true,,Constancia de borrado de legajos y cantidad retenida; informe de auditoría de seguridad vigente del proveedor; respuesta al cuestionario de 2026-04.,high,"Cuántos legajos conserva el proveedor; qué controles tiene hoy (auditoría vencida, cuestionario sin respuesta); si usa un subcontratista.",36,,48,§2.1;§2.2;§3.2;§3.3;§3.4;§4.1.5;§4.2;§4.4;§4.5;§5.3;§5.4;§5.5;§6;§9.1;§9.2;D8;D14,Evento = acceso de un tercero a los legajos en el proveedor. P 3 por precursor en el proveedor. Determina legal (notificación obligatoria) con detección tardía.,,pending,,,AN-8-tecnologia-y-pagos-0014;AN-8-tecnologia-y-pagos-0015
EV-8-tecnologia-y-pagos-0016,S30-P01,S30,padre,,,agente-8b-tecnologia-y-pagos,ai,8,F8-AG-01,metodologia v0.2,protocolo v0.2,2026-10-07,inicial,,,,,,,,Racks de clientes dejan de recibir energía (evento común de la ficha del padre; cada hijo tiene su evento iniciador),"Equipos de clientes apagados hasta que vuelve la energía y reinician; créditos, reclamos y derecho de rescisión de los mayores",v0/emi41/fichas/S30/S30-P01.md,,,,,,,,,,,,,,,,,,,,,,,,,,,,,,,,,,,,,,,,,,,,,,,,,,,,,,,,,,§1.2;§1.3;§1.4;§7.1,"Prueba de §1.3.5: sí, la consecuencia concreta es la misma (pérdida de energía en los racks de clientes) cualquiera sea la causa (red y generadores, UPS, maniobra). Sin factores ni score propios. Hijo prioritario por D10 paso 2: S30-P01-S01; se muestra en su posición con sus factores; demás hijos: S30-P01-S02, S30-P01-S03. prioridad_provisional = false (los tres hijos son evaluables).",,pending,,,
EV-8-tecnologia-y-pagos-0017,S30-P01-S01,S30,sub_riesgo,S30-P01,,agente-8b-tecnologia-y-pagos,ai,8,F8-AG-01,metodologia v0.2,protocolo v0.2,2026-10-07,inicial,,,,,,,"Corte de la línea de transmisión o de los dos alimentadores; falla de baterías de arranque, combustible contaminado o falla de control de los generadores","Corte simultáneo de los dos alimentadores con dos o más de los cuatro generadores que no arrancan o no toman carga (iniciador implicado por el texto, §2.1.3)","Agotada la autonomía de las UPS, los 900 racks quedan sin energía hasta que vuelve la red o los generadores; reinicio de clientes; créditos y reclamos",v0/emi41/fichas/S30/S30-P01-S01.md; v0/emi41/fichas/S30/empresa.md; v0/emi41/fichas/S30/transferencia.md,3,2,3,observed,EV-S30-010;EV-S30-011;EV-S30-014;EV-S30-013,Nunca ocurrió (racks sin energía por corte de red: nunca desde 2014; nunca fallaron dos generadores en el mismo arranque): descarta 4 y 5. Precursores propios: el generador 3 no arrancó en el corte real de 2025-12-18; agua sobre el límite en el tanque 2 (generadores 3 y 4) en 2026-08 → ancla 3. Ajustes que se compensan: +1 por el agua en el tanque 2 sin confirmar el filtrado y el análisis de combustible semestral por debajo del trimestral que recomienda el sector; −1 por el cambio de baterías de arranque de 2026-01 (posterior al precursor) → 3. Min 2 (ver anomalía sobre la tasa sectorial).,2,,3,inferred,EV-S30-010;EV-S30-016,"Escenario bruto: los 900 racks sin energía hasta que vuelve la red (45 min a 2 h 10 min en los tres cortes dobles) más el reinicio de clientes (2–8 h): crédito del 25% sobre USD 2,95 M = USD 0,74 M + respuesta USD 20–60 mil ≈ USD 0,78 M / RO 2025 USD 9,0 M (último ejercicio cerrado, positivo, sin partidas extraordinarias; EV-S30-001) = 8,7% → 2. Max 3: corte de más de 4 h (crédito del 50%, USD 1,48 M = 17%). La rescisión de los mayores necesita un segundo incidente (causa nueva, §4.1.5). Pólizas no reducen I (D17).",1,,,observed,v0/emi41/fichas/S30/empresa.md,Personas en el edificio (4 a 40) con iluminación de emergencia; ninguna expuesta a daño físico por el corte.,1,,2,observed,EV-S30-010,Energía a los racks (función crítica) perdida al 100% durante horas (vuelta de la red en 45 min a 2 h 10 min; corte de transmisión de hasta 9 h en 2019) → < 1 día → 1. Max 2 si la reparación de los generadores llega a 2 días con la red caída.,1,,2,reported,EV-S30-010,Sin notificación regulatoria propia; los clientes regulados piden informe formal; el certificador puede pedir una auditoría extraordinaria → 1 (max 2).,3,2,3,observed,EV-S30-015;EV-S30-011,"UPS de 8–12 min; arranque manual de un generador (simulacro 2026-04: 6 min); desconexión automática de carga (probada 2026-03) que con 2 generadores alcanza sólo en un día templado (3,4 MW) y no en el pico (3,9 MW); guardia eléctrica a 38 min. Probadas pero cubren sólo parte de los casos (no el pico ni una causa común que impida el arranque manual) → 3 (min 2).",3,,4,observed,EV-S30-015,Generador móvil de 2 MW por contrato en 8 h con punto de conexión (prueba 2025-11 sin carga: no es ensayo de la medida completa); fabricante con respuesta en 4 h; manos remotas para reinicios. Alternativa formal presente sin prueba → 3 (max 4: las 8 h casi no acortan un corte de horas).,2,econ,"econ:cont,rec(secuencial);pers:cont;cont:cont,rec(min);legal:cont",econ,false,,false,true,,,medium,P sin antecedentes del evento (precursores y tasa sectorial divergen); resultado del análisis de combustible de 2026-10.,18,,27,§1.4;§2.1.3;§2.2;§3.2;§3.3;§3.4;§4.1.5;§4.2;§4.4;§4.5;§5.2;§5.3;§5.4;§5.5;§6;§9.1;D8;D14;D15;D17,Evento iniciador = corte doble de red con dos generadores sin tomar carga. P 3 por precursores propios. Determina económico (créditos por el apagado de todo el edificio durante horas).,,pending,,,AN-8-tecnologia-y-pagos-0019;AN-8-tecnologia-y-pagos-0020
EV-8-tecnologia-y-pagos-0018,S30-P01-S02,S30,sub_riesgo,S30-P01,,agente-8b-tecnologia-y-pagos,ai,8,F8-AG-01,metodologia v0.2,protocolo v0.2,2026-10-07,inicial,,,,,,,"Falla interna de capacitores, inversor, llave estática o control","Falla interna de un sistema UPS que le impide entregar energía por sí mismo a su camino (iniciador, §2.1; la derivación actúa después)",Racks que dependen de ese camino sin energía hasta restablecerlo; créditos y reclamos de los clientes afectados,v0/emi41/fichas/S30/S30-P01-S02.md; v0/emi41/fichas/S30/empresa.md; v0/emi41/fichas/S30/transferencia.md,4,3,4,observed,EV-S30-021;EV-S30-023;EV-S30-022,"Jerarquía 2: registro propio de 12 años con fallas internas en 2022-05 (control, corte de 0,4 s) y 2024-08 (capacitores, sin corte por la derivación); la de 2024-08 está dentro de 36 meses y la frecuencia es < 1 por año → 4. Sin ajuste: la edad de los capacitores de la sala A ya existía en el período, y la pérdida del 9% medida en 2026-06 es del módulo del centro de operaciones, que no alimenta racks. La encuesta sectorial da proporciones de causas, no frecuencia. Min 3 con el evento literal de la ficha (ver anomalía).",2,1,3,inferred,EV-S30-002;EV-S30-020,"Escenario bruto (sin derivación, sin el otro camino, sin llaves de transferencia, que son V): los racks del camino de una sala sin energía hasta reparar (horas a 3 días) más reinicio; crédito del 50% de la sala (sala B: USD 1,1 M × 50% = USD 0,55 M) + reparación USD 25–90 mil ≈ USD 0,6 M / RO 2025 USD 9,0 M (último ejercicio cerrado, positivo, sin partidas extraordinarias; EV-S30-001) ≈ 7% → 2. Min 1: sólo los 70 racks de una sola fuente de la sala C (USD 65–130 mil). Max 3: sala A completa con más de 4 h y reclamos.",1,,,observed,v0/emi41/fichas/S30/empresa.md,Ninguna persona expuesta a daño físico.,3,2,4,inferred,EV-S30-006;EV-S30-020,"Sin derivación ni stock (V), el camino de una sala queda sin energía hasta la reposición normal de un módulo (8 a 12 semanas → 4 como interrupción); una sala es el 22–40% de los racks: degradación menor a la mitad → un nivel menos → 3 (§4.4). Min 2 si la reparación con repuesto es la reposición normal; max 4.",1,,,observed,EV-S30-020,Sin notificación regulatoria para la empresa; los clientes regulados pueden pedir informe → 1.,2,1,3,observed,EV-S30-021;EV-S30-024,"Derivación estática automática (actuación real 2024-08: sin corte); dos caminos con UPS independientes en salas A y B (actuación real 2022-05); llaves de transferencia (prueba 2026-02: 2 de 110 no conmutaron); módulo de reserva en sala C; alarmas 24 h. Probadas, limitan a pocos racks; no cubren una falla de la llave estática común (sala C, 70 racks de una sola fuente) → 2 (min 1, max 3).",1,,2,observed,EV-S30-025,"Derivación manual (simulacro 2026-05 en la sala C: 14 min), módulo de reserva en stock, fabricante con respuesta en 4 h, reconexión manual de racks: alternativa probada que restablece en minutos u horas → 1 (max 2).",3,cont,"econ:cont,rec(secuencial);pers:cont;cont:cont,rec(min);legal:cont",econ,false,,false,true,,,medium,Qué evento cuenta (falla interna o pérdida de energía en el camino); qué parte del daño bruto corresponde a racks de doble fuente.,16,,36,§1.4;§2.1;§2.2.4;§2.3;§3.2;§3.3;§3.4;§4.2;§4.4;§5.1;§5.2;§5.3;§5.4;§5.5;§6;§9.1;D8;D14;D15,Evento iniciador = falla interna del sistema UPS. P 4 por antecedente de 2024-08. Determina económico; contención y recuperación probadas.,,pending,,,AN-8-tecnologia-y-pagos-0021;AN-8-tecnologia-y-pagos-0022
EV-8-tecnologia-y-pagos-0019,S30-P01-S03,S30,sub_riesgo,S30-P01,,agente-8b-tecnologia-y-pagos,ai,8,F8-AG-01,metodologia v0.2,protocolo v0.2,2026-10-07,inicial,,,,,,,"Un electricista se equivoca de interruptor, de secuencia o de tablero durante un trabajo programado",Se abre o se desconecta por error un interruptor que alimenta racks en servicio,Racks de ese camino apagados (toda la sala si el otro camino está aislado) hasta corregir la maniobra; créditos y reclamos,v0/emi41/fichas/S30/S30-P01-S03.md; v0/emi41/fichas/S30/empresa.md; v0/emi41/fichas/S30/transferencia.md,3,2,4,observed,EV-S30-030;EV-S30-031;EV-S30-035,"Antecedente propio 2023-06-17 (más de 36 meses al 2026-10-07) → ancla 3; precursor 2025-04-22 (apertura detenida por el supervisor). Ajustes que se compensan: −1 por procedimiento con segunda revisión y supervisor propio desde 2023-07 (posteriores al antecedente, usados en 45 trabajos); +1 por 2 electricistas nuevos sin habilitación (2026-08) → 3. Rango 2–4 si se aplica uno solo. La encuesta sectorial da proporciones, no frecuencia.",2,1,3,inferred,EV-S30-002;EV-S30-033,"Escenario bruto (dos caminos y llaves de transferencia en V): toda la sala del interruptor sin energía hasta cerrar el correcto más reinicio (≤ 4 h): crédito del 25% de la sala A ≈ USD 0,3 M + respuesta / RO 2025 USD 9,0 M (último ejercicio cerrado, positivo, sin partidas extraordinarias; EV-S30-001) ≈ 3,5% → 2. Min 1: pocos racks como en 2023-06 (USD 5 mil). Max 3: arco que daña un tablero (USD 80–250 mil) con corte de más de 4 h.",1,,3,inferred,EV-S30-033,Abrir un interruptor equivocado no produce por sí mismo un arco; ningún arco registrado → 1. La ropa certificada (8 cal/cm²) es barrera (V). Max 3: arco de hasta 6 cal/cm² sobre 2–3 electricistas sin protección (quemaduras graves).,1,,2,observed,EV-S30-030,Energía a los racks de la sala perdida hasta cerrar el interruptor correcto más reinicio de clientes (2–8 h) → < 1 día → 1. Max 2: con un tablero dañado la sala sigue por un camino (degradación de redundancia).,1,,2,reported,EV-S30-033,Sin lesionados no hay consecuencia regulatoria para la empresa → 1. Max 2: investigación de la autoridad de trabajo y multas de USD 5–50 mil si hay lesionados.,2,,3,observed,EV-S30-030;EV-S30-033,Dos caminos y llaves de transferencia limitaron el corte a 6 racks en 2023-06 (actuación real); supervisor propio presente que puede ordenar cerrar de inmediato; alarmas en tiempo real; ropa certificada y apertura remota. Probadas que limitan a una parte acotada → 2. Max 3: no actúan si el otro camino está aislado por el trabajo (118 h en 2025).,3,1,3,observed,EV-S30-030,"Cerrar el interruptor correcto: única actuación real 2023-06 (22 min), hace más de 3 años → presente sin prueba (§5.2) → 3. Tablero dañado: fabricante en 4 h, sin tablero de reserva. Min 1 si la maniobra se toma como probada (ver anomalía).",2,econ,"econ:cont,rec(secuencial);pers:cont;cont:cont,rec(min);legal:cont",econ,false,,false,true,,,medium,Si el error ocurriría con el otro camino aislado; P con ajustes compensados.,12,,36,§1.4;§2.1;§2.3;§3.2;§3.3;§3.4;§4.2;§4.3;§4.4;§4.5;§5.2;§5.3;§5.4;§5.5;§6;§9.1;D8;D14;D15,Evento iniciador = apertura del interruptor equivocado. P 3 por antecedente de más de 3 años con ajustes compensados. Determina económico.,,pending,,,AN-8-tecnologia-y-pagos-0022;AN-8-tecnologia-y-pagos-0023
EV-8-tecnologia-y-pagos-0020,S30-R04,S30,riesgo,,,agente-8b-tecnologia-y-pagos,ai,8,F8-AG-01,metodologia v0.2,protocolo v0.2,2026-10-07,inicial,,,,,,,"Falla de válvula o bombas del ramal, falla del control de las unidades de sala, o salida de varias enfriadoras en calor extremo",Una sala deja de recibir el caudal de agua helada o el aire frío que necesita para su carga,"Temperatura de entrada sobre lo contratado en minutos; equipos que reducen rendimiento o se apagan; posibles daños de hardware, créditos y reclamos",v0/emi41/fichas/S30/S30-R04.md; v0/emi41/fichas/S30/empresa.md; v0/emi41/fichas/S30/transferencia.md,4,3,4,observed,EV-S30-040;EV-S30-041;EV-S30-042,"Jerarquía 2: antecedentes propios 2021-12-03 (válvula del ramal de la sala A) y 2026-01-19 (2 de 7 enfriadoras detenidas con 42 °C; sala B a 29,5 °C 40 min); el de 2026-01 está dentro de 36 meses, frecuencia < 1 por año → 4. Sin ajuste: los días de calor extremo ya estaban en el período del antecedente; el rociado de condensadores (2026-03, 4 de 7) no está verificado. Min 3 si se aplicara −1 por el rociado. La encuesta sectorial da proporciones, no frecuencia.",2,,3,inferred,EV-S30-002;EV-S30-040,"Escenario bruto: los equipos de una sala se apagan por temperatura (35 °C en 8–12 min) hasta reparar la válvula o la bomba (horas) más reinicio: crédito por incidente del 25% de la sala A ≈ USD 0,3 M (50% si > 4 h: USD 0,6 M) + reparación USD 15–40 mil / RO 2025 USD 9,0 M (último ejercicio cerrado, positivo, sin partidas extraordinarias; EV-S30-001) = 3,5–7% → 2. Max 3 con > 4 h y reclamos por hardware. Rescisión fuera (segundo incidente, §4.1.5).",1,,,observed,v0/emi41/fichas/S30/empresa.md,Personas en la sala (0 a 6) sin exposición a temperaturas dañinas en esos minutos.,1,,3,inferred,EV-S30-040,"Refrigeración de una sala (22–40% de los racks: degradación menor a la mitad) perdida por horas hasta reparar → < 1 día → 1. Max 3: pérdida de enfriadoras en verano durante semanas (16–24 semanas de reposición), como degradación.",1,,,observed,EV-S30-040,Sin notificación regulatoria; los clientes regulados pueden pedir informe → 1.,3,2,4,observed,EV-S30-041;EV-S30-044;EV-S30-040,"Arranque automático de enfriadoras de reserva (probado en 2026-02 con una detenida; no alcanzó en 2026-01 con dos); tanque de acumulación de 12 min (no sirve si falla el ramal); derivación manual de la válvula (actuación 2021-12, más de 3 años: sin prueba); procedimiento de emergencia térmica (simulacro 2025-11, 18 min, sin medir temperatura); alarmas 24 h. Los equipos llegan a 35 °C en 8–12 min: limitan una parte y dejan pasar otra importante → 3.",3,2,3,observed,EV-S30-045,"Válvulas y bombas en stock y fabricante con respuesta en 4 h (propio, sin ensayo documentado); enfriadoras de alquiler sólo cotizadas, sin contrato ni punto de conexión → 3 (min 2).",2,econ,"econ:cont,rec(secuencial);pers:cont;cont:cont,rec(min);legal:cont",econ,false,,false,true,,,medium,Si un apagado por temperatura cuenta como incidente de energía; efecto real del rociado de condensadores.,24,,48,§2.1;§3.2;§3.3;§3.4;§4.1.5;§4.2;§4.4;§5.2;§5.3;§5.4;§5.5;§6;§9.1;D8;D14,Evento = la sala deja de recibir frío. P 4 por antecedente de 2026-01. Determina económico (créditos por apagado de una sala).,,pending,,,AN-8-tecnologia-y-pagos-0027
EV-8-tecnologia-y-pagos-0021,S30-R05,S30,riesgo,,,agente-8b-tecnologia-y-pagos,ai,8,F8-AG-01,metodologia v0.2,protocolo v0.2,2026-10-07,inicial,,,,,,,"Sobrecalentamiento de una fuente, zapatilla o cable de un equipo de cliente, o falla eléctrica bajo el piso técnico",Ignición dentro de una sala de datos,"Fuego y humo que dañan racks, equipos e infraestructura; sala fuera de servicio hasta reconstruirla; créditos, reclamos, rescisiones y actuación de bomberos y municipio",v0/emi41/fichas/S30/S30-R05.md; v0/emi41/fichas/S30/empresa.md; v0/emi41/fichas/S30/transferencia.md,2,,3,reported,EV-S30-051;EV-S30-050;EV-S30-052,"Jerarquía 1: base actuarial de una aseguradora especializada (≈2.300 centros de datos, 2015–2024): principio de incendio con daño material en el 0,6% por año (< 5%) → 1; +1 (§3.4.2) por combustibles en 9 de 31 jaulas (2026-08, intimados sin verificar) → 2. Jerarquía 2: sin ignición propia (los casos de 2022-09 y 2025-07 fueron humo sin llama: precursores) → ancla 3; diverge → rango 2–3. Detección y extinción son V, no ajustan P.",5,,,inferred,EV-S30-004;EV-S30-006;EV-S30-002,"Escenario bruto (sin detección, extinción ni sectorización): pérdida de al menos una sala. Infraestructura propia USD 6–9 M + margen perdido 7–10 meses × USD 0,73–0,78 M = USD 5,1–7,8 M + créditos 50% ≈ USD 0,6 M ≈ USD 12–17 M / RO 2025 USD 9,0 M (último ejercicio cerrado, positivo, sin partidas extraordinarias; EV-S30-001) = 130–190% → 5, aun sin propagación a otras salas. Pólizas no reducen I (D17).",2,,4,inferred,EV-S30-003,"2 a 6 personas en la sala en horario hábil, 0 a 2 de noche; una ignición empieza chica y las personas pueden salir: lesiones leves por humo → 2. Max 4: una muerte plausible por humo de noche sin detección ni evacuación.",5,4,5,inferred,EV-S30-006;EV-S30-004,"Sin detección, extinción ni sectorización (V), el fuego y el humo alcanzan las salas vecinas por los conductos: energía, frío y conectividad perdidas en más de la mitad de los racks hasta reconstruir (7–10 meses) → 5. Min 4: si queda en una sala (22–40% de los racks, degradación) → un nivel menos.",4,3,4,inferred,EV-S30-004,Intervención de bomberos y municipio con posible clausura del sector o del edificio hasta verificar la seguridad (clausura temporal) → 4; el certificador puede suspender la certificación. Min 3.,2,1,3,observed,EV-S30-055;EV-S30-050;EV-S30-053,"Detección temprana por aspiración (prueba 2026-05; actuaciones reales 2022-09 y 2025-07) y corte del rack por el operador (real); gas inerte en las tres salas con retención > 10 min en A y B (ensayo 2025-11), 4 min en C (reparación sin nuevo ensayo) e inspección de cilindros vencida en 2026-06 sin registro; sectorización certificada al construir y compuertas probadas en 2024-10 (más de 12 meses: sin prueba); brigada y evacuación (2026-04, 6 min). Probadas que limitan el daño a una parte acotada → 2; max 3 por la sala C y los cilindros.",4,,5,observed,EV-S30-004,"Espacio libre en otras salas (200 racks) sin procedimiento ni ensayo, y los clientes tendrían que comprar o trasladar equipos; sin acuerdo con otro centro de datos ni plan de continuidad: capacidad no formal que cubre poco → 4 (max 5).",5,econ;cont,"econ:cont,rec(secuencial);pers:cont;cont:cont,rec(min);legal:cont",econ;cont,true,econ;cont,false,true,,,medium,Estado del banco de gas (inspección vencida) y hermeticidad de la sala C; alcance de la propagación en el escenario bruto.,20,,45,§2.1;§2.2.4;§2.3;§3.2;§3.3;§3.4;§4.2;§4.3;§4.4;§4.5;§5.2;§5.3;§5.4;§5.5;§6;§8.1;§9.1;D8;D14;D15;D17;D20,"Evento = ignición (§2.1.2). P 2 por base actuarial con +1 y rango por precursores. Empatan económico y continuidad, ambos en 5 (consecuencia_extrema), con contención probada.",,pending,,,AN-8-tecnologia-y-pagos-0022
EV-8-tecnologia-y-pagos-0022,S30-R06,S30,riesgo,,,agente-8b-tecnologia-y-pagos,ai,8,F8-AG-01,metodologia v0.2,protocolo v0.2,2026-10-07,inicial,,,,,,,"Tarjeta activa de una persona ya no autorizada, ingreso detrás de otra persona por la esclusa, o visitante que se aparta",Una persona sin autorización llega a una sala de datos,"Robo, manipulación o desconexión de equipos de clientes, o acceso a sus datos; incumplimiento contractual, reclamos, pérdida de clientes, observaciones de certificaciones",v0/emi41/fichas/S30/S30-R06.md; v0/emi41/fichas/S30/empresa.md; v0/emi41/fichas/S30/transferencia.md,3,,4,reported,EV-S30-022;EV-S30-060;EV-S30-061;EV-S30-062,"Jerarquía 1: encuesta internacional (≈800 operadores), 7% con al menos un acceso no autorizado a salas en 2024 → 2; +1 (§3.4.2) por no conciliar tarjetas desde 2024 (lo hace el 48% del sector) y tarjetas anteriores a 2025-06 sin vencimiento → 3. Jerarquía 2 diverge: antecedentes propios 2023-08 y 2025-03 (este dentro de 36 meses) → ancla 4. Rango 3–4 (§3.2). Precursor 2026-06 (prueba sorpresa que pasó el portón).",2,1,3,inferred,EV-S30-063;EV-S30-002,"Escenario bruto (sin cerradura ni alarma de jaula): la persona manipula o se lleva equipos de un cliente: reclamo de hasta 12 meses de cuotas del cliente afectado + auditoría exigida (USD 35 mil) ≈ USD 0,2–0,5 M / RO 2025 USD 9,0 M (último ejercicio cerrado, positivo, sin partidas extraordinarias; EV-S30-001) = 2–5% → 2. Min 1 como en 2023-08 (sin reclamo); max 3 si un cliente mayor se va (el mayor, USD 2,6 M de margen = 29%).",1,,2,reported,EV-S30-060,Guardias que intervengan si la persona se resiste; sin antecedentes de violencia → 1 (max 2).,1,,,observed,EV-S30-060,Ninguna función crítica de la empresa se detiene → 1.,2,1,3,inferred,EV-S30-060,Auditoría extraordinaria del certificador (requerimiento formal) y denuncia penal → 2. Min 1; max 3 si el certificador retira la certificación de seguridad.,3,,4,observed,EV-S30-060;EV-S30-061,"Dentro de la sala: cerradura de jaula o rack del cliente (barrera pasiva sin verificar en 12 meses: sin prueba); alarma de apertura en 12 de 31 jaulas; un guardia mira 140 cámaras sin analítica (en 2025-03 la alarma de la esclusa no se atendió y la revisión fue 2 días después; en 2023-08 lo detectó el cliente a los 5 días). Limitan parte, dejan pasar parte importante → 3 (max 4).",no_aplica,,,observed,EV-S30-060,La empresa entrega grabaciones; los equipos o datos robados son de los clientes y no tiene nada que reponer ni restablecer → no_aplica (§5.5.2).,2,econ;legal,econ:cont;pers:cont;cont:cont;legal:cont,econ;legal,false,,false,true,,,medium,Cuántas de las 1.420 tarjetas activas son de personas ya no autorizadas; divergencia de fuentes de P.,18,,48,§2.1;§3.2;§3.3;§3.4;§4.2;§4.5;§5.3;§5.5.2;§6;§9.1;D8;D14,"Evento = la persona llega a la sala. P 3 por jerarquía 1 ajustada, con rango por historia propia. Empatan económico y legal.",,pending,,,AN-8-tecnologia-y-pagos-0024
EV-8-tecnologia-y-pagos-0023,S30-R07,S30,riesgo,,,agente-8b-tecnologia-y-pagos,ai,8,F8-AG-01,metodologia v0.2,protocolo v0.2,2026-10-07,inicial,,,,,,,"Obra en la vía pública, accidente o vandalismo en el tramo de 1,2 km donde corren juntos los dos cables",Los cables de fibra de los dos proveedores quedan cortados a la vez,Los 56 clientes que dependen sólo de esa conectividad quedan aislados hasta reparar un cable; créditos y reclamos,v0/emi41/fichas/S30/S30-R07.md; v0/emi41/fichas/S30/empresa.md; v0/emi41/fichas/S30/transferencia.md,4,3,4,observed,EV-S30-070;EV-S30-071;EV-S30-073;EV-S30-072,"Nunca se cortaron los dos a la vez (12 años): descarta 4 y 5 por historia propia. Precursores propios: cortes de un solo cable por un camión (2022-10) y por una obra vial (2025-05) → ancla 3. +1 (§3.4.2) por cambio de exposición que la fuente no refleja: obra de cloacas licitada con zanjas a lo largo del ducto común entre 2026-11 y 2027-03, dentro del horizonte → 4. Min 3 sin el ajuste.",2,,3,inferred,EV-S30-002;EV-S30-072,"Escenario bruto: 56 clientes sin conectividad hasta reparar un cable (6–18 h) → crédito del 50% sobre USD 1,1 M = USD 0,55 M + respuesta USD 5–15 mil / RO 2025 USD 9,0 M (último ejercicio cerrado, positivo, sin partidas extraordinarias; EV-S30-001) = 6,3% → 2. Max 3 si la obra daña el ducto en varios puntos y hay reclamos. La rescisión no aplica (el área legal opina que no es incidente de energía y haría falta un segundo incidente).",1,,,observed,v0/emi41/fichas/S30/empresa.md,Ninguna persona expuesta a daño físico.,1,,2,observed,EV-S30-072;EV-S30-002,Conectividad sin servicio para 56 de 124 clientes (45%: degradación menor a la mitad) durante 6–18 h → < 1 día → 1. Max 2 con daño en varios puntos del ducto.,1,,,observed,EV-S30-075,Sin notificación regulatoria para la empresa; reclamo contra la contratista de la obra → 1.,4,3,4,observed,EV-S30-074,Enlace de microondas de 1 Gbps (prueba 2026-04: funcionó) que cubre el 3% del tráfico pico y 8 clientes prioritarios; aviso a clientes a los 15 min. El daño se produce casi completo → 4 (min 3).,5,4,5,observed,EV-S30-070,La reparación de los proveedores (8 h comprometidas) es la reposición normal del I bruto; no hay tercer proveedor contratado ni plan de continuidad: nada acorta → 5 (min 4).,2,econ,"econ:cont,rec(secuencial);pers:cont;cont:cont,rec(min);legal:cont",econ,false,,false,true,,,medium,Fecha real de la obra de cloacas; por dónde corren los cables de los proveedores propios de los otros 68 clientes.,32,,48,§2.1;§2.4;§3.2;§3.3;§3.4;§4.1.5;§4.2;§4.4;§5.3;§5.4;§5.5;§6;§9.1;D8;D14,Evento = corte simultáneo de los dos cables. P 4 por precursores con +1 por la obra sobre el ducto común. Determina económico con contención débil y sin recuperación.,,pending,,,AN-8-tecnologia-y-pagos-0026
EV-8-tecnologia-y-pagos-0024,S30-R08,S30,riesgo,,,agente-8b-tecnologia-y-pagos,ai,8,F8-AG-01,metodologia v0.2,protocolo v0.2,2026-10-07,inicial,,,,,,,"Corrosión, falla de una unión o golpe de presión en una cañería de agua que pasa por una sala",La cañería se rompe y descarga agua dentro de la sala,"Agua sobre racks y distribución eléctrica; equipos de clientes y tableros dañados, cortes de energía en las filas, créditos y reclamos",v0/emi41/fichas/S30/S30-R08.md; v0/emi41/fichas/S30/empresa.md; v0/emi41/fichas/S30/transferencia.md,2,,3,reported,EV-S30-051;EV-S30-081;EV-S30-082,"Jerarquía 1: base actuarial (≈2.300 centros de datos): daños por agua en el 1,2% por año (< 5%) → 1; +1 (§3.4.2) por degradación no reflejada: pérdida reparada en 2026-07 en el mismo tramo de la cañería sanitaria sobre la sala A, con recomendación de reemplazo sin obra → 2. Jerarquía 2 diverge: antecedente propio 2019-11 (pérdida de una unión sobre la sala A, hace más de 3 años) → ancla 3. Rango 2–3.",3,,5,inferred,EV-S30-005;EV-S30-083;EV-S30-002,"Escenario bruto (300 l/min sobre las filas 3 a 5, sin bandejas, detección ni corte): distribución eléctrica USD 0,4 M + tablero USD 80–250 mil + piso USD 30 mil + créditos USD 52–105 mil + margen perdido 2–4 semanas ≈ USD 0,1 M + reclamos por equipos de 9 clientes (USD 26 M declarados) dentro del límite de 12 meses de cuotas (hasta ≈ USD 2,5 M) → USD 1,5–3 M / RO 2025 USD 9,0 M (último ejercicio cerrado, positivo, sin partidas extraordinarias; EV-S30-001) = 17–33% → 3. Max 5 si se pierde el límite por negligencia inexcusable (defecto conocido sin corregir).",1,,3,inferred,EV-S30-081,0 a 6 personas en la sala; agua sobre equipos energizados sin suponer contacto: sin lesiones plausibles → 1. Max 3: descarga eléctrica grave a quien esté en la zona mojada.,3,2,3,inferred,EV-S30-006,Energía a 64 de 900 racks (7%) cortada para secar y reponer la distribución dañada: 2 a 4 semanas (> 2 semanas → 4 como interrupción); degradación menor a la mitad → 3 (§4.4). Min 2 con 2 semanas o menos.,1,,2,observed,EV-S30-081,Sin notificación regulatoria; los clientes regulados pueden pedir informe → 1 (max 2).,4,,5,observed,EV-S30-081,"Bandejas colectoras de 40 l sin desagüe y nunca probadas (a 300 l/min se desbordan en segundos); detector de líquidos sólo bajo el piso (actuación real 2024-02 en la sala B), no en el cielorraso; válvula manual a 3 min, procedimiento nunca simulado; corte de energía de las filas por el operador. Medidas débiles: el daño se produce casi completo → 4 (max 5).",3,,4,observed,EV-S30-081,"Repuestos propios de distribución para 2 de las 3 filas (alternativa parcial formal, propia, sin prueba: §5.4 [F5-4B]) → 3; racks libres sin procedimiento y sin contrato de secado. Max 4.",3,econ;cont,"econ:cont,rec(secuencial);pers:cont;cont:cont,rec(min);legal:cont",econ,false,,false,true,,,medium,Material y antigüedad de la cañería; si los reclamos superarían el límite contractual.,24,,75,§2.1;§2.2.4;§3.2;§3.3;§3.4;§4.2;§4.3;§4.4;§4.5;§5.2;§5.3;§5.4;§5.5;§6;§9.1;D8;D14;D17,Evento = rotura con descarga en la sala. P 2 por base actuarial con +1 y rango por antecedente propio. Determina económico con contención débil.,,pending,,,AN-8-tecnologia-y-pagos-0025
