risk_id,evaluador,empresa,tipo_objeto,version_anterior,version_nueva,resultado_anterior,resultado_nuevo,estado,que_cambio,regla_que_produjo_el_cambio,fila_changelog,nota
S01-R01,agente,S01,riesgo,metodologia v0.2 / protocolo v0.2,metodologia v0.3 / protocolo v0.3,C 60 · pos 1 · sin banda · ext=true · sc=true,C 60 · pos 1 · Alta · ext=true · sc=true,cambió,banda nueva,D12 / metodología §6.5 (umbrales 20/50/75),CH-093,
S01-R02,agente,S01,riesgo,metodologia v0.2 / protocolo v0.2,metodologia v0.3 / protocolo v0.3,C 30 · pos 3 · sin banda · ext=false · sc=false,C 30 · pos 3 · Media · ext=false · sc=false,cambió,banda nueva,D12 / metodología §6.5 (umbrales 20/50/75),CH-093,
S01-R03,agente,S01,riesgo,metodologia v0.2 / protocolo v0.2,metodologia v0.3 / protocolo v0.3,C 16 · pos 7 · sin banda · ext=false · sc=false,C 16 · pos 7 · Baja · ext=false · sc=false,cambió,banda nueva,D12 / metodología §6.5 (umbrales 20/50/75),CH-093,
S01-R04,agente,S01,riesgo,metodologia v0.2 / protocolo v0.2,metodologia v0.3 / protocolo v0.3,C 30 · pos 4 · sin banda · ext=false · sc=false,C 30 · pos 4 · Media · ext=false · sc=false,cambió,banda nueva,D12 / metodología §6.5 (umbrales 20/50/75),CH-093,
S01-R05,agente,S01,riesgo,metodologia v0.2 / protocolo v0.2,metodologia v0.3 / protocolo v0.3,C 18 · pos 6 · sin banda · ext=false · sc=false,C 18 · pos 6 · Baja · ext=false · sc=false,cambió,banda nueva,D12 / metodología §6.5 (umbrales 20/50/75),CH-093,
S01-R06,agente,S01,riesgo,metodologia v0.2 / protocolo v0.2,metodologia v0.3 / protocolo v0.3,C 24 · pos 5 · sin banda · ext=false · sc=false,C 24 · pos 5 · Media · ext=false · sc=false,cambió,banda nueva,D12 / metodología §6.5 (umbrales 20/50/75),CH-093,
S01-R07,agente,S01,riesgo,metodologia v0.2 / protocolo v0.2,metodologia v0.3 / protocolo v0.3,C 60 · pos 2 · sin banda · ext=false · sc=true,C 60 · pos 2 · Alta · ext=false · sc=true,cambió,banda nueva,D12 / metodología §6.5 (umbrales 20/50/75),CH-093,
S02-R01,agente,S02,riesgo,metodologia v0.2 / protocolo v0.2,metodologia v0.3 / protocolo v0.3,C 64 · pos 1 · sin banda · ext=false · sc=true,C 64 · pos 1 · Alta · ext=false · sc=true,cambió,banda nueva,D12 / metodología §6.5 (umbrales 20/50/75),CH-093,
S02-R02,agente,S02,riesgo,metodologia v0.2 / protocolo v0.2,metodologia v0.3 / protocolo v0.3,C 64 · pos 1 · sin banda · ext=false · sc=true,C 64 · pos 1 · Alta · ext=false · sc=true,cambió,banda nueva,D12 / metodología §6.5 (umbrales 20/50/75),CH-093,
S02-R03,agente,S02,riesgo,metodologia v0.2 / protocolo v0.2,metodologia v0.3 / protocolo v0.3,C 45 · pos 3 · sin banda · ext=true · sc=true,C 45 · pos 3 · Media · ext=true · sc=true,cambió,banda nueva,D12 / metodología §6.5 (umbrales 20/50/75),CH-093,
S02-R04,agente,S02,riesgo,metodologia v0.2 / protocolo v0.2,metodologia v0.3 / protocolo v0.3,C 30 · pos 5 · sin banda · ext=false · sc=false,C 30 · pos 5 · Media · ext=false · sc=false,cambió,banda nueva,D12 / metodología §6.5 (umbrales 20/50/75),CH-093,
S02-R05,agente,S02,riesgo,metodologia v0.2 / protocolo v0.2,metodologia v0.3 / protocolo v0.3,C 45 · pos 4 · sin banda · ext=false · sc=false,C 45 · pos 4 · Media · ext=false · sc=false,cambió,banda nueva,D12 / metodología §6.5 (umbrales 20/50/75),CH-093,
S02-R06,agente,S02,riesgo,metodologia v0.2 / protocolo v0.2,metodologia v0.3 / protocolo v0.3,C 20 · pos 6 · sin banda · ext=false · sc=false,C 20 · pos 6 · Media · ext=false · sc=false,cambió,banda nueva,D12 / metodología §6.5 (umbrales 20/50/75),CH-093,
S02-R07,agente,S02,riesgo,metodologia v0.2 / protocolo v0.2,metodologia v0.3 / protocolo v0.3,no evaluable · ext=true · sc=false,no evaluable · ext=true · sc=false,sin_cambio,,,,
S03-R01,agente,S03,riesgo,metodologia v0.2 / protocolo v0.2,metodologia v0.3 / protocolo v0.3,C 60 · pos 2 · sin banda · ext=false · sc=true,C 60 · pos 2 · Alta · ext=false · sc=true,cambió,banda nueva,D12 / metodología §6.5 (umbrales 20/50/75),CH-093,
S03-R02,agente,S03,riesgo,metodologia v0.2 / protocolo v0.2,metodologia v0.3 / protocolo v0.3,C 45 · pos 4 · sin banda · ext=false · sc=false,C 45 · pos 4 · Media · ext=false · sc=false,cambió,banda nueva,D12 / metodología §6.5 (umbrales 20/50/75),CH-093,
S03-R03,agente,S03,riesgo,metodologia v0.2 / protocolo v0.2,metodologia v0.3 / protocolo v0.3,C 32 · pos 5 · sin banda · ext=false · sc=false,C 32 · pos 5 · Media · ext=false · sc=false,cambió,banda nueva,D12 / metodología §6.5 (umbrales 20/50/75),CH-093,
S03-R04,agente,S03,riesgo,metodologia v0.2 / protocolo v0.2,metodologia v0.3 / protocolo v0.3,C 30 · pos 6 · sin banda · ext=false · sc=false,C 30 · pos 6 · Media · ext=false · sc=false,cambió,banda nueva,D12 / metodología §6.5 (umbrales 20/50/75),CH-093,
S03-R05,agente,S03,riesgo,metodologia v0.2 / protocolo v0.2,metodologia v0.3 / protocolo v0.3,C 80 · pos 1 · sin banda · ext=true · sc=true,C 80 · pos 1 · Crítica · ext=true · sc=true,cambió,banda nueva,D12 / metodología §6.5 (umbrales 20/50/75),CH-093,
S03-R06,agente,S03,riesgo,metodologia v0.2 / protocolo v0.2,metodologia v0.3 / protocolo v0.3,C 60 · pos 3 · sin banda · ext=false · sc=false,C 60 · pos 3 · Alta · ext=false · sc=false,cambió,banda nueva,D12 / metodología §6.5 (umbrales 20/50/75),CH-093,
S03-R07,agente,S03,riesgo,metodologia v0.2 / protocolo v0.2,metodologia v0.3 / protocolo v0.3,C 10 · pos 7 · sin banda · ext=false · sc=false,C 10 · pos 7 · Baja · ext=false · sc=false,cambió,banda nueva,D12 / metodología §6.5 (umbrales 20/50/75),CH-093,
S04-R01,agente,S04,riesgo,metodologia v0.2 / protocolo v0.2,metodologia v0.3 / protocolo v0.3,C 32 · pos 6 · sin banda · ext=false · sc=false,C 32 · pos 6 · Media · ext=false · sc=false,cambió,banda nueva,D12 / metodología §6.5 (umbrales 20/50/75),CH-093,
S04-R02,agente,S04,riesgo,metodologia v0.2 / protocolo v0.2,metodologia v0.3 / protocolo v0.3,C 32 · pos 5 · sin banda · ext=false · sc=false,C 32 · pos 5 · Media · ext=false · sc=false,cambió,banda nueva,D12 / metodología §6.5 (umbrales 20/50/75),CH-093,
S04-R03,agente,S04,riesgo,metodologia v0.2 / protocolo v0.2,metodologia v0.3 / protocolo v0.3,C 48 · pos 1 · sin banda · ext=false · sc=false,C 48 · pos 1 · Media · ext=false · sc=false,cambió,banda nueva,D12 / metodología §6.5 (umbrales 20/50/75),CH-093,
S04-R04,agente,S04,riesgo,metodologia v0.2 / protocolo v0.2,metodologia v0.3 / protocolo v0.3,C 36 · pos 3 · sin banda · ext=false · sc=false,C 36 · pos 3 · Media · ext=false · sc=false,cambió,banda nueva,D12 / metodología §6.5 (umbrales 20/50/75),CH-093,
S04-R05,agente,S04,riesgo,metodologia v0.2 / protocolo v0.2,metodologia v0.3 / protocolo v0.3,C 36 · pos 2 · sin banda · ext=false · sc=false,C 36 · pos 2 · Media · ext=false · sc=false,cambió,banda nueva,D12 / metodología §6.5 (umbrales 20/50/75),CH-093,
S04-R06,agente,S04,riesgo,metodologia v0.2 / protocolo v0.2,metodologia v0.3 / protocolo v0.3,C 36 · pos 3 · sin banda · ext=false · sc=false,C 36 · pos 3 · Media · ext=false · sc=false,cambió,banda nueva,D12 / metodología §6.5 (umbrales 20/50/75),CH-093,
S04-R07,agente,S04,riesgo,metodologia v0.2 / protocolo v0.2,metodologia v0.3 / protocolo v0.3,C 15 · pos 7 · sin banda · ext=false · sc=false,C 15 · pos 7 · Baja · ext=false · sc=false,cambió,banda nueva,D12 / metodología §6.5 (umbrales 20/50/75),CH-093,
S05-P01,agente,S05,padre,metodologia v0.2 / protocolo v0.2,metodologia v0.3 / protocolo v0.3,C 80 · pos 1 · sin banda · ext=false · sc=true,C 80 · pos 1 · Crítica · ext=false · sc=true,cambió,banda nueva,D12 / metodología §6.5 (umbrales 20/50/75),CH-093,padre: posición y banda de su hijo prioritario S05-P01-S03 (§1.4)
S05-P01-S01,agente,S05,sub_riesgo,metodologia v0.2 / protocolo v0.2,metodologia v0.3 / protocolo v0.3,C 60 · pos — · sin banda · ext=false · sc=true,C 60 · pos — · Alta · ext=false · sc=true,cambió,banda nueva,D12 / metodología §6.5 (umbrales 20/50/75),CH-093,"fuera del ranking principal (§7.1.2, §10.4): banda sin posición"
S05-P01-S02,agente,S05,sub_riesgo,metodologia v0.2 / protocolo v0.2,metodologia v0.3 / protocolo v0.3,C 48 · pos — · sin banda · ext=false · sc=true,C 48 · pos — · Media · ext=false · sc=true,cambió,banda nueva,D12 / metodología §6.5 (umbrales 20/50/75),CH-093,"fuera del ranking principal (§7.1.2, §10.4): banda sin posición"
S05-P01-S03,agente,S05,sub_riesgo,metodologia v0.2 / protocolo v0.2,metodologia v0.3 / protocolo v0.3,C 80 · pos — · sin banda · ext=false · sc=true,C 80 · pos — · Crítica · ext=false · sc=true,cambió,banda nueva,D12 / metodología §6.5 (umbrales 20/50/75),CH-093,"fuera del ranking principal (§7.1.2, §10.4): banda sin posición"
S05-R04,agente,S05,riesgo,metodologia v0.2 / protocolo v0.2,metodologia v0.3 / protocolo v0.3,C 64 · pos 2 · sin banda · ext=false · sc=true,C 64 · pos 2 · Alta · ext=false · sc=true,cambió,banda nueva,D12 / metodología §6.5 (umbrales 20/50/75),CH-093,
S05-R05,agente,S05,riesgo,metodologia v0.2 / protocolo v0.2,metodologia v0.3 / protocolo v0.3,C 48 · pos 3 · sin banda · ext=false · sc=true,C 48 · pos 3 · Media · ext=false · sc=true,cambió,banda nueva,D12 / metodología §6.5 (umbrales 20/50/75),CH-093,
S05-R06,agente,S05,riesgo,metodologia v0.2 / protocolo v0.2,metodologia v0.3 / protocolo v0.3,C 30 · pos 4 · sin banda · ext=false · sc=false,C 30 · pos 4 · Media · ext=false · sc=false,cambió,banda nueva,D12 / metodología §6.5 (umbrales 20/50/75),CH-093,
S05-R07,agente,S05,riesgo,metodologia v0.2 / protocolo v0.2,metodologia v0.3 / protocolo v0.3,C 20 · pos 6 · sin banda · ext=false · sc=false,C 20 · pos 6 · Media · ext=false · sc=false,cambió,banda nueva,D12 / metodología §6.5 (umbrales 20/50/75),CH-093,
S05-R08,agente,S05,riesgo,metodologia v0.2 / protocolo v0.2,metodologia v0.3 / protocolo v0.3,C 30 · pos 5 · sin banda · ext=false · sc=false,C 30 · pos 5 · Media · ext=false · sc=false,cambió,banda nueva,D12 / metodología §6.5 (umbrales 20/50/75),CH-093,
S05-R09,agente,S05,riesgo,metodologia v0.2 / protocolo v0.2,metodologia v0.3 / protocolo v0.3,no evaluable · ext=true · sc=true,no evaluable · ext=true · sc=true,sin_cambio,,,,
S06-R01,agente,S06,riesgo,metodologia v0.2 / protocolo v0.2,metodologia v0.3 / protocolo v0.3,C 75 · pos 3 · sin banda · ext=true · sc=false,C 75 · pos 3 · Crítica · ext=true · sc=false,cambió,banda nueva,D12 / metodología §6.5 (umbrales 20/50/75),CH-093,
S06-R02,agente,S06,riesgo,metodologia v0.2 / protocolo v0.2,metodologia v0.3 / protocolo v0.3,C 10 · pos 6 · sin banda · ext=false · sc=false,C 10 · pos 6 · Baja · ext=false · sc=false,cambió,banda nueva,D12 / metodología §6.5 (umbrales 20/50/75),CH-093,
S06-R03,agente,S06,riesgo,metodologia v0.2 / protocolo v0.2,metodologia v0.3 / protocolo v0.3,C 100 · pos 1 · sin banda · ext=true · sc=true,C 100 · pos 1 · Crítica · ext=true · sc=true,cambió,banda nueva,D12 / metodología §6.5 (umbrales 20/50/75),CH-093,
S06-R04,agente,S06,riesgo,metodologia v0.2 / protocolo v0.2,metodologia v0.3 / protocolo v0.3,C 60 · pos 4 · sin banda · ext=true · sc=true,C 60 · pos 4 · Alta · ext=true · sc=true,cambió,banda nueva,D12 / metodología §6.5 (umbrales 20/50/75),CH-093,
S06-R05,agente,S06,riesgo,metodologia v0.2 / protocolo v0.2,metodologia v0.3 / protocolo v0.3,C 80 · pos 2 · sin banda · ext=true · sc=false,C 80 · pos 2 · Crítica · ext=true · sc=false,cambió,banda nueva,D12 / metodología §6.5 (umbrales 20/50/75),CH-093,
S06-R06,agente,S06,riesgo,metodologia v0.2 / protocolo v0.2,metodologia v0.3 / protocolo v0.3,C 48 · pos 5 · sin banda · ext=false · sc=false,C 48 · pos 5 · Media · ext=false · sc=false,cambió,banda nueva,D12 / metodología §6.5 (umbrales 20/50/75),CH-093,
S07-E01,agente,S07,escenario,metodologia v0.2 / protocolo v0.2,metodologia v0.3 / protocolo v0.3,C 20 · pos — · sin banda · ext=true · sc=true,C 20 · pos — · Media · ext=true · sc=true,cambió,banda nueva,D12 / metodología §6.5 (umbrales 20/50/75),CH-093,"fuera del ranking principal (§7.1.2, §10.4): banda sin posición"
S07-R01,agente,S07,riesgo,metodologia v0.2 / protocolo v0.2,metodologia v0.3 / protocolo v0.3,C 45 · pos 6 · sin banda · ext=true · sc=true,C 45 · pos 6 · Media · ext=true · sc=true,cambió,banda nueva,D12 / metodología §6.5 (umbrales 20/50/75),CH-093,
S07-R02,agente,S07,riesgo,metodologia v0.2 / protocolo v0.2,metodologia v0.3 / protocolo v0.3,C 60 · pos 3 · sin banda · ext=false · sc=true,C 60 · pos 3 · Alta · ext=false · sc=true,cambió,banda nueva,D12 / metodología §6.5 (umbrales 20/50/75),CH-093,
S07-R03,agente,S07,riesgo,metodologia v0.2 / protocolo v0.2,metodologia v0.3 / protocolo v0.3,C 48 · pos 4 · sin banda · ext=false · sc=true,C 48 · pos 4 · Media · ext=false · sc=true,cambió,banda nueva,D12 / metodología §6.5 (umbrales 20/50/75),CH-093,
S07-R04,agente,S07,riesgo,metodologia v0.2 / protocolo v0.2,metodologia v0.3 / protocolo v0.3,C 60 · pos 1 · sin banda · ext=true · sc=true,C 60 · pos 1 · Alta · ext=true · sc=true,cambió,banda nueva,D12 / metodología §6.5 (umbrales 20/50/75),CH-093,
S07-R05,agente,S07,riesgo,metodologia v0.2 / protocolo v0.2,metodologia v0.3 / protocolo v0.3,C 30 · pos 8 · sin banda · ext=false · sc=false,C 30 · pos 8 · Media · ext=false · sc=false,cambió,banda nueva,D12 / metodología §6.5 (umbrales 20/50/75),CH-093,
S07-R06,agente,S07,riesgo,metodologia v0.2 / protocolo v0.2,metodologia v0.3 / protocolo v0.3,C 60 · pos 2 · sin banda · ext=true · sc=false,C 60 · pos 2 · Alta · ext=true · sc=false,cambió,banda nueva,D12 / metodología §6.5 (umbrales 20/50/75),CH-093,
S07-R07,agente,S07,riesgo,metodologia v0.2 / protocolo v0.2,metodologia v0.3 / protocolo v0.3,C 30 · pos 7 · sin banda · ext=false · sc=false,C 30 · pos 7 · Media · ext=false · sc=false,cambió,banda nueva,D12 / metodología §6.5 (umbrales 20/50/75),CH-093,
S07-R08,agente,S07,riesgo,metodologia v0.2 / protocolo v0.2,metodologia v0.3 / protocolo v0.3,C 48 · pos 5 · sin banda · ext=false · sc=false,C 48 · pos 5 · Media · ext=false · sc=false,cambió,banda nueva,D12 / metodología §6.5 (umbrales 20/50/75),CH-093,
S08-R01,agente,S08,riesgo,metodologia v0.2 / protocolo v0.2,metodologia v0.3 / protocolo v0.3,C 64 · pos 2 · sin banda · ext=false · sc=true,C 64 · pos 2 · Alta · ext=false · sc=true,cambió,banda nueva,D12 / metodología §6.5 (umbrales 20/50/75),CH-093,
S08-R02,agente,S08,riesgo,metodologia v0.2 / protocolo v0.2,metodologia v0.3 / protocolo v0.3,C 64 · pos 2 · sin banda · ext=false · sc=true,C 64 · pos 2 · Alta · ext=false · sc=true,cambió,banda nueva,D12 / metodología §6.5 (umbrales 20/50/75),CH-093,
S08-R03,agente,S08,riesgo,metodologia v0.2 / protocolo v0.2,metodologia v0.3 / protocolo v0.3,C 48 · pos 5 · sin banda · ext=false · sc=true,C 48 · pos 5 · Media · ext=false · sc=true,cambió,banda nueva,D12 / metodología §6.5 (umbrales 20/50/75),CH-093,
S08-R04,agente,S08,riesgo,metodologia v0.2 / protocolo v0.2,metodologia v0.3 / protocolo v0.3,C 60 · pos 4 · sin banda · ext=true · sc=true,C 60 · pos 4 · Alta · ext=true · sc=true,cambió,banda nueva,D12 / metodología §6.5 (umbrales 20/50/75),CH-093,
S08-R05,agente,S08,riesgo,metodologia v0.2 / protocolo v0.2,metodologia v0.3 / protocolo v0.3,C 80 · pos 1 · sin banda · ext=false · sc=true,C 80 · pos 1 · Crítica · ext=false · sc=true,cambió,banda nueva,D12 / metodología §6.5 (umbrales 20/50/75),CH-093,
S08-R06,agente,S08,riesgo,metodologia v0.2 / protocolo v0.2,metodologia v0.3 / protocolo v0.3,C 48 · pos 5 · sin banda · ext=false · sc=true,C 48 · pos 5 · Media · ext=false · sc=true,cambió,banda nueva,D12 / metodología §6.5 (umbrales 20/50/75),CH-093,
S08-R07,agente,S08,riesgo,metodologia v0.2 / protocolo v0.2,metodologia v0.3 / protocolo v0.3,C 48 · pos 5 · sin banda · ext=false · sc=true,C 48 · pos 5 · Media · ext=false · sc=true,cambió,banda nueva,D12 / metodología §6.5 (umbrales 20/50/75),CH-093,
S09-R01,agente,S09,riesgo,metodologia v0.2 / protocolo v0.2,metodologia v0.3 / protocolo v0.3,C 27 · pos 5 · sin banda · ext=false · sc=false,C 27 · pos 5 · Media · ext=false · sc=false,cambió,banda nueva,D12 / metodología §6.5 (umbrales 20/50/75),CH-093,
S09-R02,agente,S09,riesgo,metodologia v0.2 / protocolo v0.2,metodologia v0.3 / protocolo v0.3,C 48 · pos 3 · sin banda · ext=false · sc=false,C 48 · pos 3 · Media · ext=false · sc=false,cambió,banda nueva,D12 / metodología §6.5 (umbrales 20/50/75),CH-093,
S09-R03,agente,S09,riesgo,metodologia v0.2 / protocolo v0.2,metodologia v0.3 / protocolo v0.3,C 24 · pos 7 · sin banda · ext=false · sc=false,C 24 · pos 7 · Media · ext=false · sc=false,cambió,banda nueva,D12 / metodología §6.5 (umbrales 20/50/75),CH-093,
S09-R04,agente,S09,riesgo,metodologia v0.2 / protocolo v0.2,metodologia v0.3 / protocolo v0.3,C 24 · pos 6 · sin banda · ext=false · sc=false,C 24 · pos 6 · Media · ext=false · sc=false,cambió,banda nueva,D12 / metodología §6.5 (umbrales 20/50/75),CH-093,
S09-R05,agente,S09,riesgo,metodologia v0.2 / protocolo v0.2,metodologia v0.3 / protocolo v0.3,C 60 · pos 2 · sin banda · ext=true · sc=false,C 60 · pos 2 · Alta · ext=true · sc=false,cambió,banda nueva,D12 / metodología §6.5 (umbrales 20/50/75),CH-093,
S09-R06,agente,S09,riesgo,metodologia v0.2 / protocolo v0.2,metodologia v0.3 / protocolo v0.3,C 64 · pos 1 · sin banda · ext=false · sc=true,C 64 · pos 1 · Alta · ext=false · sc=true,cambió,banda nueva,D12 / metodología §6.5 (umbrales 20/50/75),CH-093,
S09-R07,agente,S09,riesgo,metodologia v0.2 / protocolo v0.2,metodologia v0.3 / protocolo v0.3,C 36 · pos 4 · sin banda · ext=false · sc=false,C 36 · pos 4 · Media · ext=false · sc=false,cambió,banda nueva,D12 / metodología §6.5 (umbrales 20/50/75),CH-093,
S10-R01,agente,S10,riesgo,metodologia v0.2 / protocolo v0.2,metodologia v0.3 / protocolo v0.3,C 64 · pos 1 · sin banda · ext=false · sc=true,C 64 · pos 1 · Alta · ext=false · sc=true,cambió,banda nueva,D12 / metodología §6.5 (umbrales 20/50/75),CH-093,
S10-R02,agente,S10,riesgo,metodologia v0.2 / protocolo v0.2,metodologia v0.3 / protocolo v0.3,C 64 · pos 1 · sin banda · ext=false · sc=true,C 64 · pos 1 · Alta · ext=false · sc=true,cambió,banda nueva,D12 / metodología §6.5 (umbrales 20/50/75),CH-093,
S10-R03,agente,S10,riesgo,metodologia v0.2 / protocolo v0.2,metodologia v0.3 / protocolo v0.3,C 64 · pos 1 · sin banda · ext=false · sc=true,C 64 · pos 1 · Alta · ext=false · sc=true,cambió,banda nueva,D12 / metodología §6.5 (umbrales 20/50/75),CH-093,
S10-R04,agente,S10,riesgo,metodologia v0.2 / protocolo v0.2,metodologia v0.3 / protocolo v0.3,C 64 · pos 5 · sin banda · ext=false · sc=false,C 64 · pos 5 · Alta · ext=false · sc=false,cambió,banda nueva,D12 / metodología §6.5 (umbrales 20/50/75),CH-093,
S10-R05,agente,S10,riesgo,metodologia v0.2 / protocolo v0.2,metodologia v0.3 / protocolo v0.3,no evaluable · ext=false · sc=true,no evaluable · ext=true · sc=true,cambió,consecuencia_extrema false→true (pers),protocolo §2.3 consecuencia_extrema en no evaluable,CH-092,
S10-R06,agente,S10,riesgo,metodologia v0.2 / protocolo v0.2,metodologia v0.3 / protocolo v0.3,C 30 · pos 6 · sin banda · ext=false · sc=false,C 30 · pos 6 · Media · ext=false · sc=false,cambió,banda nueva,D12 / metodología §6.5 (umbrales 20/50/75),CH-093,
S10-R07,agente,S10,riesgo,metodologia v0.2 / protocolo v0.2,metodologia v0.3 / protocolo v0.3,C 64 · pos 1 · sin banda · ext=false · sc=true,C 64 · pos 1 · Alta · ext=false · sc=true,cambió,banda nueva,D12 / metodología §6.5 (umbrales 20/50/75),CH-093,
S11-R01,agente,S11,riesgo,metodologia v0.2 / protocolo v0.2,metodologia v0.3 / protocolo v0.3,C 32 · pos 4 · sin banda · ext=false · sc=false,C 32 · pos 4 · Media · ext=false · sc=false,cambió,banda nueva,D12 / metodología §6.5 (umbrales 20/50/75),CH-093,
S11-R02,agente,S11,riesgo,metodologia v0.2 / protocolo v0.2,metodologia v0.3 / protocolo v0.3,C 60 · pos 2 · sin banda · ext=true · sc=true,C 60 · pos 2 · Alta · ext=true · sc=true,cambió,banda nueva,D12 / metodología §6.5 (umbrales 20/50/75),CH-093,
S11-R03,agente,S11,riesgo,metodologia v0.2 / protocolo v0.2,metodologia v0.3 / protocolo v0.3,C 24 · pos 7 · sin banda · ext=false · sc=false,C 24 · pos 7 · Media · ext=false · sc=false,cambió,banda nueva,D12 / metodología §6.5 (umbrales 20/50/75),CH-093,
S11-R04,agente,S11,riesgo,metodologia v0.2 / protocolo v0.2,metodologia v0.3 / protocolo v0.3,C 80 · pos 1 · sin banda · ext=false · sc=true,C 80 · pos 1 · Crítica · ext=false · sc=true,cambió,banda nueva,D12 / metodología §6.5 (umbrales 20/50/75),CH-093,
S11-R05,agente,S11,riesgo,metodologia v0.2 / protocolo v0.2,metodologia v0.3 / protocolo v0.3,C 48 · pos 3 · sin banda · ext=false · sc=false,C 48 · pos 3 · Media · ext=false · sc=false,cambió,banda nueva,D12 / metodología §6.5 (umbrales 20/50/75),CH-093,
S11-R06,agente,S11,riesgo,metodologia v0.2 / protocolo v0.2,metodologia v0.3 / protocolo v0.3,C 32 · pos 5 · sin banda · ext=false · sc=false,C 32 · pos 5 · Media · ext=false · sc=false,cambió,banda nueva,D12 / metodología §6.5 (umbrales 20/50/75),CH-093,
S11-R07,agente,S11,riesgo,metodologia v0.2 / protocolo v0.2,metodologia v0.3 / protocolo v0.3,C 30 · pos 6 · sin banda · ext=false · sc=false,C 30 · pos 6 · Media · ext=false · sc=false,cambió,banda nueva,D12 / metodología §6.5 (umbrales 20/50/75),CH-093,
S12-R01,agente,S12,riesgo,metodologia v0.2 / protocolo v0.2,metodologia v0.3 / protocolo v0.3,C 36 · pos 5 · sin banda · ext=false · sc=false,C 36 · pos 5 · Media · ext=false · sc=false,cambió,banda nueva,D12 / metodología §6.5 (umbrales 20/50/75),CH-093,
S12-R02,agente,S12,riesgo,metodologia v0.2 / protocolo v0.2,metodologia v0.3 / protocolo v0.3,C 36 · pos 6 · sin banda · ext=false · sc=false,C 36 · pos 6 · Media · ext=false · sc=false,cambió,banda nueva,D12 / metodología §6.5 (umbrales 20/50/75),CH-093,
S12-R03,agente,S12,riesgo,metodologia v0.2 / protocolo v0.2,metodologia v0.3 / protocolo v0.3,C 75 · pos 1 · sin banda · ext=true · sc=true,C 75 · pos 1 · Crítica · ext=true · sc=true,cambió,banda nueva,D12 / metodología §6.5 (umbrales 20/50/75),CH-093,
S12-R04,agente,S12,riesgo,metodologia v0.2 / protocolo v0.2,metodologia v0.3 / protocolo v0.3,C 45 · pos 3 · sin banda · ext=true · sc=false,C 45 · pos 3 · Media · ext=true · sc=false,cambió,banda nueva,D12 / metodología §6.5 (umbrales 20/50/75),CH-093,
S12-R05,agente,S12,riesgo,metodologia v0.2 / protocolo v0.2,metodologia v0.3 / protocolo v0.3,C 48 · pos 2 · sin banda · ext=false · sc=false,C 48 · pos 2 · Media · ext=false · sc=false,cambió,banda nueva,D12 / metodología §6.5 (umbrales 20/50/75),CH-093,
S12-R06,agente,S12,riesgo,metodologia v0.2 / protocolo v0.2,metodologia v0.3 / protocolo v0.3,C 45 · pos 3 · sin banda · ext=true · sc=false,C 45 · pos 3 · Media · ext=true · sc=false,cambió,banda nueva,D12 / metodología §6.5 (umbrales 20/50/75),CH-093,
S13-R01,agente,S13,riesgo,metodologia v0.2 / protocolo v0.2,metodologia v0.3 / protocolo v0.3,C 60 · pos 1 · sin banda · ext=true · sc=true,C 60 · pos 1 · Alta · ext=true · sc=true,cambió,banda nueva,D12 / metodología §6.5 (umbrales 20/50/75),CH-093,
S13-R02,agente,S13,riesgo,metodologia v0.2 / protocolo v0.2,metodologia v0.3 / protocolo v0.3,C 48 · pos 3 · sin banda · ext=false · sc=false,C 48 · pos 3 · Media · ext=false · sc=false,cambió,banda nueva,D12 / metodología §6.5 (umbrales 20/50/75),CH-093,
S13-R03,agente,S13,riesgo,metodologia v0.2 / protocolo v0.2,metodologia v0.3 / protocolo v0.3,C 30 · pos 6 · sin banda · ext=false · sc=false,C 30 · pos 6 · Media · ext=false · sc=false,cambió,banda nueva,D12 / metodología §6.5 (umbrales 20/50/75),CH-093,
S13-R04,agente,S13,riesgo,metodologia v0.2 / protocolo v0.2,metodologia v0.3 / protocolo v0.3,C 48 · pos 3 · sin banda · ext=false · sc=false,C 48 · pos 3 · Media · ext=false · sc=false,cambió,banda nueva,D12 / metodología §6.5 (umbrales 20/50/75),CH-093,
S13-R05,agente,S13,riesgo,metodologia v0.2 / protocolo v0.2,metodologia v0.3 / protocolo v0.3,C 60 · pos 2 · sin banda · ext=false · sc=false,C 60 · pos 2 · Alta · ext=false · sc=false,cambió,banda nueva,D12 / metodología §6.5 (umbrales 20/50/75),CH-093,
S13-R06,agente,S13,riesgo,metodologia v0.2 / protocolo v0.2,metodologia v0.3 / protocolo v0.3,C 36 · pos 5 · sin banda · ext=false · sc=false,C 36 · pos 5 · Media · ext=false · sc=false,cambió,banda nueva,D12 / metodología §6.5 (umbrales 20/50/75),CH-093,
S14-R01,agente,S14,riesgo,metodologia v0.2 / protocolo v0.2,metodologia v0.3 / protocolo v0.3,C 48 · pos 3 · sin banda · ext=false · sc=false,C 48 · pos 3 · Media · ext=false · sc=false,cambió,banda nueva,D12 / metodología §6.5 (umbrales 20/50/75),CH-093,
S14-R02,agente,S14,riesgo,metodologia v0.2 / protocolo v0.2,metodologia v0.3 / protocolo v0.3,C 48 · pos 2 · sin banda · ext=false · sc=true,C 48 · pos 2 · Media · ext=false · sc=true,cambió,banda nueva,D12 / metodología §6.5 (umbrales 20/50/75),CH-093,
S14-R03,agente,S14,riesgo,metodologia v0.2 / protocolo v0.2,metodologia v0.3 / protocolo v0.3,C 45 · pos 4 · sin banda · ext=true · sc=true,C 45 · pos 4 · Media · ext=true · sc=true,cambió,banda nueva,D12 / metodología §6.5 (umbrales 20/50/75),CH-093,
S14-R04,agente,S14,riesgo,metodologia v0.2 / protocolo v0.2,metodologia v0.3 / protocolo v0.3,C 60 · pos 1 · sin banda · ext=false · sc=false,C 60 · pos 1 · Alta · ext=false · sc=false,cambió,banda nueva,D12 / metodología §6.5 (umbrales 20/50/75),CH-093,
S14-R05,agente,S14,riesgo,metodologia v0.2 / protocolo v0.2,metodologia v0.3 / protocolo v0.3,C 45 · pos 5 · sin banda · ext=false · sc=false,C 45 · pos 5 · Media · ext=false · sc=false,cambió,banda nueva,D12 / metodología §6.5 (umbrales 20/50/75),CH-093,
S14-R06,agente,S14,riesgo,metodologia v0.2 / protocolo v0.2,metodologia v0.3 / protocolo v0.3,C 30 · pos 7 · sin banda · ext=false · sc=false,C 30 · pos 7 · Media · ext=false · sc=false,cambió,banda nueva,D12 / metodología §6.5 (umbrales 20/50/75),CH-093,
S14-R07,agente,S14,riesgo,metodologia v0.2 / protocolo v0.2,metodologia v0.3 / protocolo v0.3,C 36 · pos 6 · sin banda · ext=false · sc=false,C 36 · pos 6 · Media · ext=false · sc=false,cambió,banda nueva,D12 / metodología §6.5 (umbrales 20/50/75),CH-093,
S15-R01,agente,S15,riesgo,metodologia v0.2 / protocolo v0.2,metodologia v0.3 / protocolo v0.3,C 48 · pos 3 · sin banda · ext=false · sc=false,C 48 · pos 3 · Media · ext=false · sc=false,cambió,banda nueva,D12 / metodología §6.5 (umbrales 20/50/75),CH-093,
S15-R02,agente,S15,riesgo,metodologia v0.2 / protocolo v0.2,metodologia v0.3 / protocolo v0.3,C 45 · pos 4 · sin banda · ext=true · sc=false,C 45 · pos 4 · Media · ext=true · sc=false,cambió,banda nueva,D12 / metodología §6.5 (umbrales 20/50/75),CH-093,
S15-R03,agente,S15,riesgo,metodologia v0.2 / protocolo v0.2,metodologia v0.3 / protocolo v0.3,C 60 · pos 2 · sin banda · ext=false · sc=false,C 60 · pos 2 · Alta · ext=false · sc=false,cambió,banda nueva,D12 / metodología §6.5 (umbrales 20/50/75),CH-093,
S15-R04,agente,S15,riesgo,metodologia v0.2 / protocolo v0.2,metodologia v0.3 / protocolo v0.3,C 64 · pos 1 · sin banda · ext=false · sc=true,C 64 · pos 1 · Alta · ext=false · sc=true,cambió,banda nueva,D12 / metodología §6.5 (umbrales 20/50/75),CH-093,
S15-R05,agente,S15,riesgo,metodologia v0.2 / protocolo v0.2,metodologia v0.3 / protocolo v0.3,C 30 · pos 6 · sin banda · ext=false · sc=false,C 30 · pos 6 · Media · ext=false · sc=false,cambió,banda nueva,D12 / metodología §6.5 (umbrales 20/50/75),CH-093,
S15-R06,agente,S15,riesgo,metodologia v0.2 / protocolo v0.2,metodologia v0.3 / protocolo v0.3,C 36 · pos 5 · sin banda · ext=false · sc=false,C 36 · pos 5 · Media · ext=false · sc=false,cambió,banda nueva,D12 / metodología §6.5 (umbrales 20/50/75),CH-093,
S16-R01,agente,S16,riesgo,metodologia v0.2 / protocolo v0.2,metodologia v0.3 / protocolo v0.3,C 36 · pos 4 · sin banda · ext=false · sc=false,C 36 · pos 4 · Media · ext=false · sc=false,cambió,banda nueva,D12 / metodología §6.5 (umbrales 20/50/75),CH-093,
S16-R02,agente,S16,riesgo,metodologia v0.2 / protocolo v0.2,metodologia v0.3 / protocolo v0.3,C 60 · pos 2 · sin banda · ext=true · sc=true,C 60 · pos 2 · Alta · ext=true · sc=true,cambió,banda nueva,D12 / metodología §6.5 (umbrales 20/50/75),CH-093,
S16-R03,agente,S16,riesgo,metodologia v0.2 / protocolo v0.2,metodologia v0.3 / protocolo v0.3,C 20 · pos 6 · sin banda · ext=false · sc=false,C 20 · pos 6 · Media · ext=false · sc=false,cambió,banda nueva,D12 / metodología §6.5 (umbrales 20/50/75),CH-093,
S16-R04,agente,S16,riesgo,metodologia v0.2 / protocolo v0.2,metodologia v0.3 / protocolo v0.3,C 32 · pos 5 · sin banda · ext=false · sc=false,C 32 · pos 5 · Media · ext=false · sc=false,cambió,banda nueva,D12 / metodología §6.5 (umbrales 20/50/75),CH-093,
S16-R05,agente,S16,riesgo,metodologia v0.2 / protocolo v0.2,metodologia v0.3 / protocolo v0.3,C 64 · pos 1 · sin banda · ext=false · sc=true,C 64 · pos 1 · Alta · ext=false · sc=true,cambió,banda nueva,D12 / metodología §6.5 (umbrales 20/50/75),CH-093,
S16-R06,agente,S16,riesgo,metodologia v0.2 / protocolo v0.2,metodologia v0.3 / protocolo v0.3,C 48 · pos 3 · sin banda · ext=false · sc=false,C 48 · pos 3 · Media · ext=false · sc=false,cambió,banda nueva,D12 / metodología §6.5 (umbrales 20/50/75),CH-093,
S17-R01,agente,S17,riesgo,metodologia v0.2 / protocolo v0.2,metodologia v0.3 / protocolo v0.3,C 60 · pos 1 · sin banda · ext=false · sc=true,C 60 · pos 1 · Alta · ext=false · sc=true,cambió,banda nueva,D12 / metodología §6.5 (umbrales 20/50/75),CH-093,
S17-R02,agente,S17,riesgo,metodologia v0.2 / protocolo v0.2,metodologia v0.3 / protocolo v0.3,C 20 · pos 5 · sin banda · ext=false · sc=false,C 20 · pos 5 · Media · ext=false · sc=false,cambió,banda nueva,D12 / metodología §6.5 (umbrales 20/50/75),CH-093,
S17-R03,agente,S17,riesgo,metodologia v0.2 / protocolo v0.2,metodologia v0.3 / protocolo v0.3,no evaluable · ext=false · sc=false,no evaluable · ext=true · sc=false,cambió,consecuencia_extrema false→true (econ),protocolo §2.3 consecuencia_extrema en no evaluable,CH-092,
S17-R04,agente,S17,riesgo,metodologia v0.2 / protocolo v0.2,metodologia v0.3 / protocolo v0.3,C 45 · pos 3 · sin banda · ext=false · sc=false,C 45 · pos 3 · Media · ext=false · sc=false,cambió,banda nueva,D12 / metodología §6.5 (umbrales 20/50/75),CH-093,
S17-R05,agente,S17,riesgo,metodologia v0.2 / protocolo v0.2,metodologia v0.3 / protocolo v0.3,C 30 · pos 4 · sin banda · ext=false · sc=false,C 30 · pos 4 · Media · ext=false · sc=false,cambió,banda nueva,D12 / metodología §6.5 (umbrales 20/50/75),CH-093,
S17-R06,agente,S17,riesgo,metodologia v0.2 / protocolo v0.2,metodologia v0.3 / protocolo v0.3,C 48 · pos 2 · sin banda · ext=false · sc=false,C 48 · pos 2 · Media · ext=false · sc=false,cambió,banda nueva,D12 / metodología §6.5 (umbrales 20/50/75),CH-093,
S18-R01,agente,S18,riesgo,metodologia v0.2 / protocolo v0.2,metodologia v0.3 / protocolo v0.3,C 40 · pos 3 · sin banda · ext=false · sc=true,C 40 · pos 3 · Media · ext=false · sc=true,cambió,banda nueva,D12 / metodología §6.5 (umbrales 20/50/75),CH-093,
S18-R02,agente,S18,riesgo,metodologia v0.2 / protocolo v0.2,metodologia v0.3 / protocolo v0.3,C 20 · pos 7 · sin banda · ext=false · sc=false,C 20 · pos 7 · Media · ext=false · sc=false,cambió,banda nueva,D12 / metodología §6.5 (umbrales 20/50/75),CH-093,
S18-R03,agente,S18,riesgo,metodologia v0.2 / protocolo v0.2,metodologia v0.3 / protocolo v0.3,C 48 · pos 1 · sin banda · ext=false · sc=true,C 48 · pos 1 · Media · ext=false · sc=true,cambió,banda nueva,D12 / metodología §6.5 (umbrales 20/50/75),CH-093,
S18-R04,agente,S18,riesgo,metodologia v0.2 / protocolo v0.2,metodologia v0.3 / protocolo v0.3,C 24 · pos 5 · sin banda · ext=false · sc=false,C 24 · pos 5 · Media · ext=false · sc=false,cambió,banda nueva,D12 / metodología §6.5 (umbrales 20/50/75),CH-093,
S18-R05,agente,S18,riesgo,metodologia v0.2 / protocolo v0.2,metodologia v0.3 / protocolo v0.3,C 30 · pos 4 · sin banda · ext=false · sc=false,C 30 · pos 4 · Media · ext=false · sc=false,cambió,banda nueva,D12 / metodología §6.5 (umbrales 20/50/75),CH-093,
S18-R06,agente,S18,riesgo,metodologia v0.2 / protocolo v0.2,metodologia v0.3 / protocolo v0.3,C 24 · pos 5 · sin banda · ext=false · sc=false,C 24 · pos 5 · Media · ext=false · sc=false,cambió,banda nueva,D12 / metodología §6.5 (umbrales 20/50/75),CH-093,
S18-R07,agente,S18,riesgo,metodologia v0.2 / protocolo v0.2,metodologia v0.3 / protocolo v0.3,C 45 · pos 2 · sin banda · ext=false · sc=false,C 45 · pos 2 · Media · ext=false · sc=false,cambió,banda nueva,D12 / metodología §6.5 (umbrales 20/50/75),CH-093,
S19-E01,agente,S19,escenario,metodologia v0.2 / protocolo v0.2,metodologia v0.3 / protocolo v0.3,C 36 · pos — · sin banda · ext=false · sc=false,C 36 · pos — · Media · ext=false · sc=false,cambió,banda nueva,D12 / metodología §6.5 (umbrales 20/50/75),CH-093,"fuera del ranking principal (§7.1.2, §10.4): banda sin posición"
S19-R01,agente,S19,riesgo,metodologia v0.2 / protocolo v0.2,metodologia v0.3 / protocolo v0.3,C 48 · pos 2 · sin banda · ext=false · sc=true,C 48 · pos 2 · Media · ext=false · sc=true,cambió,banda nueva,D12 / metodología §6.5 (umbrales 20/50/75),CH-093,
S19-R02,agente,S19,riesgo,metodologia v0.2 / protocolo v0.2,metodologia v0.3 / protocolo v0.3,C 45 · pos 4 · sin banda · ext=false · sc=false,C 45 · pos 4 · Media · ext=false · sc=false,cambió,banda nueva,D12 / metodología §6.5 (umbrales 20/50/75),CH-093,
S19-R03,agente,S19,riesgo,metodologia v0.2 / protocolo v0.2,metodologia v0.3 / protocolo v0.3,C 16 · pos 5 · sin banda · ext=false · sc=false,C 16 · pos 5 · Baja · ext=false · sc=false,cambió,banda nueva,D12 / metodología §6.5 (umbrales 20/50/75),CH-093,
S19-R04,agente,S19,riesgo,metodologia v0.2 / protocolo v0.2,metodologia v0.3 / protocolo v0.3,C 16 · pos 6 · sin banda · ext=false · sc=false,C 16 · pos 6 · Baja · ext=false · sc=false,cambió,banda nueva,D12 / metodología §6.5 (umbrales 20/50/75),CH-093,
S19-R05,agente,S19,riesgo,metodologia v0.2 / protocolo v0.2,metodologia v0.3 / protocolo v0.3,C 60 · pos 1 · sin banda · ext=true · sc=true,C 60 · pos 1 · Alta · ext=true · sc=true,cambió,banda nueva,D12 / metodología §6.5 (umbrales 20/50/75),CH-093,
S19-R06,agente,S19,riesgo,metodologia v0.2 / protocolo v0.2,metodologia v0.3 / protocolo v0.3,C 45 · pos 3 · sin banda · ext=false · sc=false,C 45 · pos 3 · Media · ext=false · sc=false,cambió,banda nueva,D12 / metodología §6.5 (umbrales 20/50/75),CH-093,
S20-R01,agente,S20,riesgo,metodologia v0.2 / protocolo v0.2,metodologia v0.3 / protocolo v0.3,C 100 · pos 1 · sin banda · ext=true · sc=true,C 100 · pos 1 · Crítica · ext=true · sc=true,cambió,banda nueva,D12 / metodología §6.5 (umbrales 20/50/75),CH-093,
S20-R02,agente,S20,riesgo,metodologia v0.2 / protocolo v0.2,metodologia v0.3 / protocolo v0.3,C 64 · pos 2 · sin banda · ext=false · sc=false,C 64 · pos 2 · Alta · ext=false · sc=false,cambió,banda nueva,D12 / metodología §6.5 (umbrales 20/50/75),CH-093,
S20-R03,agente,S20,riesgo,metodologia v0.2 / protocolo v0.2,metodologia v0.3 / protocolo v0.3,C 48 · pos 4 · sin banda · ext=false · sc=true,C 48 · pos 4 · Media · ext=false · sc=true,cambió,banda nueva,D12 / metodología §6.5 (umbrales 20/50/75),CH-093,
S20-R04,agente,S20,riesgo,metodologia v0.2 / protocolo v0.2,metodologia v0.3 / protocolo v0.3,C 30 · pos 5 · sin banda · ext=false · sc=false,C 30 · pos 5 · Media · ext=false · sc=false,cambió,banda nueva,D12 / metodología §6.5 (umbrales 20/50/75),CH-093,
S20-R05,agente,S20,riesgo,metodologia v0.2 / protocolo v0.2,metodologia v0.3 / protocolo v0.3,C 60 · pos 3 · sin banda · ext=false · sc=true,C 60 · pos 3 · Alta · ext=false · sc=true,cambió,banda nueva,D12 / metodología §6.5 (umbrales 20/50/75),CH-093,
S20-R06,agente,S20,riesgo,metodologia v0.2 / protocolo v0.2,metodologia v0.3 / protocolo v0.3,C 12 · pos 6 · sin banda · ext=false · sc=false,C 12 · pos 6 · Baja · ext=false · sc=false,cambió,banda nueva,D12 / metodología §6.5 (umbrales 20/50/75),CH-093,
S21-R01,agente,S21,riesgo,metodologia v0.2 / protocolo v0.2,metodologia v0.3 / protocolo v0.3,C 48 · pos 3 · sin banda · ext=false · sc=false,C 48 · pos 3 · Media · ext=false · sc=false,cambió,banda nueva,D12 / metodología §6.5 (umbrales 20/50/75),CH-093,
S21-R02,agente,S21,riesgo,metodologia v0.2 / protocolo v0.2,metodologia v0.3 / protocolo v0.3,C 48 · pos 3 · sin banda · ext=false · sc=false,C 48 · pos 3 · Media · ext=false · sc=false,cambió,banda nueva,D12 / metodología §6.5 (umbrales 20/50/75),CH-093,
S21-R03,agente,S21,riesgo,metodologia v0.2 / protocolo v0.2,metodologia v0.3 / protocolo v0.3,C 32 · pos 7 · sin banda · ext=false · sc=false,C 32 · pos 7 · Media · ext=false · sc=false,cambió,banda nueva,D12 / metodología §6.5 (umbrales 20/50/75),CH-093,
S21-R04,agente,S21,riesgo,metodologia v0.2 / protocolo v0.2,metodologia v0.3 / protocolo v0.3,C 40 · pos 6 · sin banda · ext=true · sc=false,C 40 · pos 6 · Media · ext=true · sc=false,cambió,banda nueva,D12 / metodología §6.5 (umbrales 20/50/75),CH-093,
S21-R05,agente,S21,riesgo,metodologia v0.2 / protocolo v0.2,metodologia v0.3 / protocolo v0.3,C 60 · pos 1 · sin banda · ext=false · sc=true,C 60 · pos 1 · Alta · ext=false · sc=true,cambió,banda nueva,D12 / metodología §6.5 (umbrales 20/50/75),CH-093,
S21-R06,agente,S21,riesgo,metodologia v0.2 / protocolo v0.2,metodologia v0.3 / protocolo v0.3,C 30 · pos 8 · sin banda · ext=false · sc=false,C 30 · pos 8 · Media · ext=false · sc=false,cambió,banda nueva,D12 / metodología §6.5 (umbrales 20/50/75),CH-093,
S21-R07,agente,S21,riesgo,metodologia v0.2 / protocolo v0.2,metodologia v0.3 / protocolo v0.3,C 45 · pos 5 · sin banda · ext=true · sc=true,C 45 · pos 5 · Media · ext=true · sc=true,cambió,banda nueva,D12 / metodología §6.5 (umbrales 20/50/75),CH-093,
S21-R08,agente,S21,riesgo,metodologia v0.2 / protocolo v0.2,metodologia v0.3 / protocolo v0.3,C 50 · pos 2 · sin banda · ext=true · sc=false,C 50 · pos 2 · Alta · ext=true · sc=false,cambió,banda nueva,D12 / metodología §6.5 (umbrales 20/50/75),CH-093,
S22-E01,agente,S22,escenario,metodologia v0.2 / protocolo v0.2,metodologia v0.3 / protocolo v0.3,C 48 · pos — · sin banda · ext=false · sc=false,C 48 · pos — · Media · ext=false · sc=false,cambió,banda nueva,D12 / metodología §6.5 (umbrales 20/50/75),CH-093,"fuera del ranking principal (§7.1.2, §10.4): banda sin posición"
S22-R01,agente,S22,riesgo,metodologia v0.2 / protocolo v0.2,metodologia v0.3 / protocolo v0.3,C 60 · pos 1 · sin banda · ext=true · sc=true,C 60 · pos 1 · Alta · ext=true · sc=true,cambió,banda nueva,D12 / metodología §6.5 (umbrales 20/50/75),CH-093,
S22-R02,agente,S22,riesgo,metodologia v0.2 / protocolo v0.2,metodologia v0.3 / protocolo v0.3,C 16 · pos 6 · sin banda · ext=false · sc=true,C 16 · pos 6 · Baja · ext=false · sc=true,cambió,banda nueva,D12 / metodología §6.5 (umbrales 20/50/75),CH-093,
S22-R03,agente,S22,riesgo,metodologia v0.2 / protocolo v0.2,metodologia v0.3 / protocolo v0.3,C 48 · pos 4 · sin banda · ext=false · sc=false,C 48 · pos 4 · Media · ext=false · sc=false,cambió,banda nueva,D12 / metodología §6.5 (umbrales 20/50/75),CH-093,
S22-R04,agente,S22,riesgo,metodologia v0.2 / protocolo v0.2,metodologia v0.3 / protocolo v0.3,no evaluable · ext=false · sc=false,no evaluable · ext=false · sc=false,sin_cambio,,,,
S22-R05,agente,S22,riesgo,metodologia v0.2 / protocolo v0.2,metodologia v0.3 / protocolo v0.3,C 20 · pos 5 · sin banda · ext=false · sc=false,C 20 · pos 5 · Media · ext=false · sc=false,cambió,banda nueva,D12 / metodología §6.5 (umbrales 20/50/75),CH-093,
S22-R06,agente,S22,riesgo,metodologia v0.2 / protocolo v0.2,metodologia v0.3 / protocolo v0.3,no evaluable · ext=true · sc=false,no evaluable · ext=true · sc=false,sin_cambio,,,,
S22-R07,agente,S22,riesgo,metodologia v0.2 / protocolo v0.2,metodologia v0.3 / protocolo v0.3,C 48 · pos 2 · sin banda · ext=false · sc=false,C 48 · pos 2 · Media · ext=false · sc=false,cambió,banda nueva,D12 / metodología §6.5 (umbrales 20/50/75),CH-093,
S22-R08,agente,S22,riesgo,metodologia v0.2 / protocolo v0.2,metodologia v0.3 / protocolo v0.3,C 48 · pos 2 · sin banda · ext=false · sc=false,C 48 · pos 2 · Media · ext=false · sc=false,cambió,banda nueva,D12 / metodología §6.5 (umbrales 20/50/75),CH-093,
S22-R09,agente,S22,riesgo,metodologia v0.2 / protocolo v0.2,metodologia v0.3 / protocolo v0.3,C 16 · pos 7 · sin banda · ext=false · sc=false,C 16 · pos 7 · Baja · ext=false · sc=false,cambió,banda nueva,D12 / metodología §6.5 (umbrales 20/50/75),CH-093,
S23-R01,agente,S23,riesgo,metodologia v0.2 / protocolo v0.2,metodologia v0.3 / protocolo v0.3,no evaluable · ext=true · sc=false,no evaluable · ext=true · sc=false,sin_cambio,,,,
S23-R02,agente,S23,riesgo,metodologia v0.2 / protocolo v0.2,metodologia v0.3 / protocolo v0.3,C 60 · pos 4 · sin banda · ext=false · sc=false,C 60 · pos 4 · Alta · ext=false · sc=false,cambió,banda nueva,D12 / metodología §6.5 (umbrales 20/50/75),CH-093,
S23-R03,agente,S23,riesgo,metodologia v0.2 / protocolo v0.2,metodologia v0.3 / protocolo v0.3,C 32 · pos 5 · sin banda · ext=false · sc=false,C 32 · pos 5 · Media · ext=false · sc=false,cambió,banda nueva,D12 / metodología §6.5 (umbrales 20/50/75),CH-093,
S23-R04,agente,S23,riesgo,metodologia v0.2 / protocolo v0.2,metodologia v0.3 / protocolo v0.3,C 80 · pos 1 · sin banda · ext=true · sc=false,C 80 · pos 1 · Crítica · ext=true · sc=false,cambió,banda nueva,D12 / metodología §6.5 (umbrales 20/50/75),CH-093,
S23-R05,agente,S23,riesgo,metodologia v0.2 / protocolo v0.2,metodologia v0.3 / protocolo v0.3,C 75 · pos 3 · sin banda · ext=true · sc=true,C 75 · pos 3 · Crítica · ext=true · sc=true,cambió,banda nueva,D12 / metodología §6.5 (umbrales 20/50/75),CH-093,
S23-R06,agente,S23,riesgo,metodologia v0.2 / protocolo v0.2,metodologia v0.3 / protocolo v0.3,C 80 · pos 2 · sin banda · ext=false · sc=true,C 80 · pos 2 · Crítica · ext=false · sc=true,cambió,banda nueva,D12 / metodología §6.5 (umbrales 20/50/75),CH-093,
S24-R01,agente,S24,riesgo,metodologia v0.2 / protocolo v0.2,metodologia v0.3 / protocolo v0.3,C 80 · pos 1 · sin banda · ext=true · sc=true,C 80 · pos 1 · Crítica · ext=true · sc=true,cambió,banda nueva,D12 / metodología §6.5 (umbrales 20/50/75),CH-093,
S24-R02,agente,S24,riesgo,metodologia v0.2 / protocolo v0.2,metodologia v0.3 / protocolo v0.3,C 64 · pos 2 · sin banda · ext=false · sc=true,C 64 · pos 2 · Alta · ext=false · sc=true,cambió,banda nueva,D12 / metodología §6.5 (umbrales 20/50/75),CH-093,
S24-R03,agente,S24,riesgo,metodologia v0.2 / protocolo v0.2,metodologia v0.3 / protocolo v0.3,C 48 · pos 3 · sin banda · ext=false · sc=false,C 48 · pos 3 · Media · ext=false · sc=false,cambió,banda nueva,D12 / metodología §6.5 (umbrales 20/50/75),CH-093,
S24-R04,agente,S24,riesgo,metodologia v0.2 / protocolo v0.2,metodologia v0.3 / protocolo v0.3,no evaluable · ext=false · sc=false,no evaluable · ext=false · sc=false,sin_cambio,,,,
S24-R05,agente,S24,riesgo,metodologia v0.2 / protocolo v0.2,metodologia v0.3 / protocolo v0.3,C 20 · pos 5 · sin banda · ext=false · sc=false,C 20 · pos 5 · Media · ext=false · sc=false,cambió,banda nueva,D12 / metodología §6.5 (umbrales 20/50/75),CH-093,
S24-R06,agente,S24,riesgo,metodologia v0.2 / protocolo v0.2,metodologia v0.3 / protocolo v0.3,C 20 · pos 4 · sin banda · ext=false · sc=false,C 20 · pos 4 · Media · ext=false · sc=false,cambió,banda nueva,D12 / metodología §6.5 (umbrales 20/50/75),CH-093,
S25-R01,agente,S25,riesgo,metodologia v0.2 / protocolo v0.2,metodologia v0.3 / protocolo v0.3,C 18 · pos 5 · sin banda · ext=false · sc=false,C 18 · pos 5 · Baja · ext=false · sc=false,cambió,banda nueva,D12 / metodología §6.5 (umbrales 20/50/75),CH-093,
S25-R02,agente,S25,riesgo,metodologia v0.2 / protocolo v0.2,metodologia v0.3 / protocolo v0.3,C 36 · pos 3 · sin banda · ext=false · sc=true,C 36 · pos 3 · Media · ext=false · sc=true,cambió,banda nueva,D12 / metodología §6.5 (umbrales 20/50/75),CH-093,
S25-R03,agente,S25,riesgo,metodologia v0.2 / protocolo v0.2,metodologia v0.3 / protocolo v0.3,C 15 · pos 6 · sin banda · ext=false · sc=false,C 15 · pos 6 · Baja · ext=false · sc=false,cambió,banda nueva,D12 / metodología §6.5 (umbrales 20/50/75),CH-093,
S25-R04,agente,S25,riesgo,metodologia v0.2 / protocolo v0.2,metodologia v0.3 / protocolo v0.3,C 45 · pos 2 · sin banda · ext=true · sc=false,C 45 · pos 2 · Media · ext=true · sc=false,cambió,banda nueva,D12 / metodología §6.5 (umbrales 20/50/75),CH-093,
S25-R05,agente,S25,riesgo,metodologia v0.2 / protocolo v0.2,metodologia v0.3 / protocolo v0.3,C 27 · pos 4 · sin banda · ext=false · sc=false,C 27 · pos 4 · Media · ext=false · sc=false,cambió,banda nueva,D12 / metodología §6.5 (umbrales 20/50/75),CH-093,
S25-R06,agente,S25,riesgo,metodologia v0.2 / protocolo v0.2,metodologia v0.3 / protocolo v0.3,C 48 · pos 1 · sin banda · ext=false · sc=false,C 48 · pos 1 · Media · ext=false · sc=false,cambió,banda nueva,D12 / metodología §6.5 (umbrales 20/50/75),CH-093,
S26-R01,agente,S26,riesgo,metodologia v0.2 / protocolo v0.2,metodologia v0.3 / protocolo v0.3,C 75 · pos 1 · sin banda · ext=true · sc=true,C 75 · pos 1 · Crítica · ext=true · sc=true,cambió,banda nueva,D12 / metodología §6.5 (umbrales 20/50/75),CH-093,
S26-R02,agente,S26,riesgo,metodologia v0.2 / protocolo v0.2,metodologia v0.3 / protocolo v0.3,C 32 · pos 5 · sin banda · ext=false · sc=true,C 32 · pos 5 · Media · ext=false · sc=true,cambió,banda nueva,D12 / metodología §6.5 (umbrales 20/50/75),CH-093,
S26-R03,agente,S26,riesgo,metodologia v0.2 / protocolo v0.2,metodologia v0.3 / protocolo v0.3,C 45 · pos 3 · sin banda · ext=false · sc=false,C 45 · pos 3 · Media · ext=false · sc=false,cambió,banda nueva,D12 / metodología §6.5 (umbrales 20/50/75),CH-093,
S26-R04,agente,S26,riesgo,metodologia v0.2 / protocolo v0.2,metodologia v0.3 / protocolo v0.3,C 30 · pos 6 · sin banda · ext=true · sc=true,C 30 · pos 6 · Media · ext=true · sc=true,cambió,banda nueva,D12 / metodología §6.5 (umbrales 20/50/75),CH-093,
S26-R05,agente,S26,riesgo,metodologia v0.2 / protocolo v0.2,metodologia v0.3 / protocolo v0.3,C 36 · pos 4 · sin banda · ext=false · sc=false,C 36 · pos 4 · Media · ext=false · sc=false,cambió,banda nueva,D12 / metodología §6.5 (umbrales 20/50/75),CH-093,
S26-R06,agente,S26,riesgo,metodologia v0.2 / protocolo v0.2,metodologia v0.3 / protocolo v0.3,C 16 · pos 7 · sin banda · ext=false · sc=true,C 16 · pos 7 · Baja · ext=false · sc=true,cambió,banda nueva,D12 / metodología §6.5 (umbrales 20/50/75),CH-093,
S26-R07,agente,S26,riesgo,metodologia v0.2 / protocolo v0.2,metodologia v0.3 / protocolo v0.3,C 48 · pos 2 · sin banda · ext=false · sc=false,C 48 · pos 2 · Media · ext=false · sc=false,cambió,banda nueva,D12 / metodología §6.5 (umbrales 20/50/75),CH-093,
S27-R01,agente,S27,riesgo,metodologia v0.2 / protocolo v0.2,metodologia v0.3 / protocolo v0.3,C 45 · pos 3 · sin banda · ext=false · sc=false,C 45 · pos 3 · Media · ext=false · sc=false,cambió,banda nueva,D12 / metodología §6.5 (umbrales 20/50/75),CH-093,
S27-R02,agente,S27,riesgo,metodologia v0.2 / protocolo v0.2,metodologia v0.3 / protocolo v0.3,C 60 · pos 1 · sin banda · ext=false · sc=false,C 60 · pos 1 · Alta · ext=false · sc=false,cambió,banda nueva,D12 / metodología §6.5 (umbrales 20/50/75),CH-093,
S27-R03,agente,S27,riesgo,metodologia v0.2 / protocolo v0.2,metodologia v0.3 / protocolo v0.3,C 15 · pos 6 · sin banda · ext=false · sc=false,C 15 · pos 6 · Baja · ext=false · sc=false,cambió,banda nueva,D12 / metodología §6.5 (umbrales 20/50/75),CH-093,
S27-R04,agente,S27,riesgo,metodologia v0.2 / protocolo v0.2,metodologia v0.3 / protocolo v0.3,C 48 · pos 2 · sin banda · ext=false · sc=false,C 48 · pos 2 · Media · ext=false · sc=false,cambió,banda nueva,D12 / metodología §6.5 (umbrales 20/50/75),CH-093,
S27-R05,agente,S27,riesgo,metodologia v0.2 / protocolo v0.2,metodologia v0.3 / protocolo v0.3,C 45 · pos 3 · sin banda · ext=false · sc=false,C 45 · pos 3 · Media · ext=false · sc=false,cambió,banda nueva,D12 / metodología §6.5 (umbrales 20/50/75),CH-093,
S27-R06,agente,S27,riesgo,metodologia v0.2 / protocolo v0.2,metodologia v0.3 / protocolo v0.3,C 30 · pos 5 · sin banda · ext=true · sc=true,C 30 · pos 5 · Media · ext=true · sc=true,cambió,banda nueva,D12 / metodología §6.5 (umbrales 20/50/75),CH-093,
S28-R01,agente,S28,riesgo,metodologia v0.2 / protocolo v0.2,metodologia v0.3 / protocolo v0.3,C 45 · pos 4 · sin banda · ext=true · sc=true,C 45 · pos 4 · Media · ext=true · sc=true,cambió,banda nueva,D12 / metodología §6.5 (umbrales 20/50/75),CH-093,
S28-R02,agente,S28,riesgo,metodologia v0.2 / protocolo v0.2,metodologia v0.3 / protocolo v0.3,C 60 · pos 2 · sin banda · ext=true · sc=true,C 60 · pos 2 · Alta · ext=true · sc=true,cambió,banda nueva,D12 / metodología §6.5 (umbrales 20/50/75),CH-093,
S28-R03,agente,S28,riesgo,metodologia v0.2 / protocolo v0.2,metodologia v0.3 / protocolo v0.3,C 60 · pos 3 · sin banda · ext=false · sc=false,C 60 · pos 3 · Alta · ext=false · sc=false,cambió,banda nueva,D12 / metodología §6.5 (umbrales 20/50/75),CH-093,
S28-R04,agente,S28,riesgo,metodologia v0.2 / protocolo v0.2,metodologia v0.3 / protocolo v0.3,C 80 · pos 1 · sin banda · ext=false · sc=true,C 80 · pos 1 · Crítica · ext=false · sc=true,cambió,banda nueva,D12 / metodología §6.5 (umbrales 20/50/75),CH-093,
S28-R05,agente,S28,riesgo,metodologia v0.2 / protocolo v0.2,metodologia v0.3 / protocolo v0.3,C 20 · pos 6 · sin banda · ext=false · sc=false,C 20 · pos 6 · Media · ext=false · sc=false,cambió,banda nueva,D12 / metodología §6.5 (umbrales 20/50/75),CH-093,
S28-R06,agente,S28,riesgo,metodologia v0.2 / protocolo v0.2,metodologia v0.3 / protocolo v0.3,C 15 · pos 7 · sin banda · ext=false · sc=false,C 15 · pos 7 · Baja · ext=false · sc=false,cambió,banda nueva,D12 / metodología §6.5 (umbrales 20/50/75),CH-093,
S28-R07,agente,S28,riesgo,metodologia v0.2 / protocolo v0.2,metodologia v0.3 / protocolo v0.3,C 32 · pos 5 · sin banda · ext=false · sc=false,C 32 · pos 5 · Media · ext=false · sc=false,cambió,banda nueva,D12 / metodología §6.5 (umbrales 20/50/75),CH-093,
S29-P01,agente,S29,padre,metodologia v0.2 / protocolo v0.2,metodologia v0.3 / protocolo v0.3,C 16 · pos 4 · sin banda · ext=— · sc=—,C 16 · pos 4 · Baja · ext=— · sc=—,cambió,banda nueva,D12 / metodología §6.5 (umbrales 20/50/75),CH-093,padre: posición y banda de su hijo prioritario S29-P01-S01 (§1.4)
S29-P01-S01,agente,S29,sub_riesgo,metodologia v0.2 / protocolo v0.2,metodologia v0.3 / protocolo v0.3,C 16 · pos — · sin banda · ext=false · sc=false,C 16 · pos — · Baja · ext=false · sc=false,cambió,banda nueva,D12 / metodología §6.5 (umbrales 20/50/75),CH-093,"fuera del ranking principal (§7.1.2, §10.4): banda sin posición"
S29-P01-S02,agente,S29,sub_riesgo,metodologia v0.2 / protocolo v0.2,metodologia v0.3 / protocolo v0.3,C 6 · pos — · sin banda · ext=false · sc=false,C 6 · pos — · Baja · ext=false · sc=false,cambió,banda nueva,D12 / metodología §6.5 (umbrales 20/50/75),CH-093,"fuera del ranking principal (§7.1.2, §10.4): banda sin posición"
S29-P01-S03,agente,S29,sub_riesgo,metodologia v0.2 / protocolo v0.2,metodologia v0.3 / protocolo v0.3,C 10 · pos — · sin banda · ext=false · sc=false,C 10 · pos — · Baja · ext=false · sc=false,cambió,banda nueva,D12 / metodología §6.5 (umbrales 20/50/75),CH-093,"fuera del ranking principal (§7.1.2, §10.4): banda sin posición"
S29-R04,agente,S29,riesgo,metodologia v0.2 / protocolo v0.2,metodologia v0.3 / protocolo v0.3,C 8 · pos 5 · sin banda · ext=false · sc=false,C 8 · pos 5 · Baja · ext=false · sc=false,cambió,banda nueva,D12 / metodología §6.5 (umbrales 20/50/75),CH-093,
S29-R05,agente,S29,riesgo,metodologia v0.2 / protocolo v0.2,metodologia v0.3 / protocolo v0.3,C 24 · pos 3 · sin banda · ext=false · sc=false,C 24 · pos 3 · Media · ext=false · sc=false,cambió,banda nueva,D12 / metodología §6.5 (umbrales 20/50/75),CH-093,
S29-R06,agente,S29,riesgo,metodologia v0.2 / protocolo v0.2,metodologia v0.3 / protocolo v0.3,C 45 · pos 1 · sin banda · ext=false · sc=false,C 45 · pos 1 · Media · ext=false · sc=false,cambió,banda nueva,D12 / metodología §6.5 (umbrales 20/50/75),CH-093,
S29-R07,agente,S29,riesgo,metodologia v0.2 / protocolo v0.2,metodologia v0.3 / protocolo v0.3,C 36 · pos 2 · sin banda · ext=false · sc=false,C 36 · pos 2 · Media · ext=false · sc=false,cambió,banda nueva,D12 / metodología §6.5 (umbrales 20/50/75),CH-093,
S30-P01,agente,S30,padre,metodologia v0.2 / protocolo v0.2,metodologia v0.3 / protocolo v0.3,C 18 · pos 5 · sin banda · ext=— · sc=—,C 18 · pos 5 · Baja · ext=— · sc=—,cambió,banda nueva,D12 / metodología §6.5 (umbrales 20/50/75),CH-093,padre: posición y banda de su hijo prioritario S30-P01-S01 (§1.4)
S30-P01-S01,agente,S30,sub_riesgo,metodologia v0.2 / protocolo v0.2,metodologia v0.3 / protocolo v0.3,C 18 · pos — · sin banda · ext=false · sc=false,C 18 · pos — · Baja · ext=false · sc=false,cambió,banda nueva,D12 / metodología §6.5 (umbrales 20/50/75),CH-093,"fuera del ranking principal (§7.1.2, §10.4): banda sin posición"
S30-P01-S02,agente,S30,sub_riesgo,metodologia v0.2 / protocolo v0.2,metodologia v0.3 / protocolo v0.3,C 16 · pos — · sin banda · ext=false · sc=false,C 16 · pos — · Baja · ext=false · sc=false,cambió,banda nueva,D12 / metodología §6.5 (umbrales 20/50/75),CH-093,"fuera del ranking principal (§7.1.2, §10.4): banda sin posición"
S30-P01-S03,agente,S30,sub_riesgo,metodologia v0.2 / protocolo v0.2,metodologia v0.3 / protocolo v0.3,C 12 · pos — · sin banda · ext=false · sc=false,C 12 · pos — · Baja · ext=false · sc=false,cambió,banda nueva,D12 / metodología §6.5 (umbrales 20/50/75),CH-093,"fuera del ranking principal (§7.1.2, §10.4): banda sin posición"
S30-R04,agente,S30,riesgo,metodologia v0.2 / protocolo v0.2,metodologia v0.3 / protocolo v0.3,C 24 · pos 3 · sin banda · ext=false · sc=false,C 24 · pos 3 · Media · ext=false · sc=false,cambió,banda nueva,D12 / metodología §6.5 (umbrales 20/50/75),CH-093,
S30-R05,agente,S30,riesgo,metodologia v0.2 / protocolo v0.2,metodologia v0.3 / protocolo v0.3,C 20 · pos 4 · sin banda · ext=true · sc=false,C 20 · pos 4 · Media · ext=true · sc=false,cambió,banda nueva,D12 / metodología §6.5 (umbrales 20/50/75),CH-093,
S30-R06,agente,S30,riesgo,metodologia v0.2 / protocolo v0.2,metodologia v0.3 / protocolo v0.3,C 18 · pos 5 · sin banda · ext=false · sc=false,C 18 · pos 5 · Baja · ext=false · sc=false,cambió,banda nueva,D12 / metodología §6.5 (umbrales 20/50/75),CH-093,
S30-R07,agente,S30,riesgo,metodologia v0.2 / protocolo v0.2,metodologia v0.3 / protocolo v0.3,C 32 · pos 1 · sin banda · ext=false · sc=false,C 32 · pos 1 · Media · ext=false · sc=false,cambió,banda nueva,D12 / metodología §6.5 (umbrales 20/50/75),CH-093,
S30-R08,agente,S30,riesgo,metodologia v0.2 / protocolo v0.2,metodologia v0.3 / protocolo v0.3,C 24 · pos 2 · sin banda · ext=false · sc=false,C 24 · pos 2 · Media · ext=false · sc=false,cambió,banda nueva,D12 / metodología §6.5 (umbrales 20/50/75),CH-093,
S31-R01,agente,S31,riesgo,metodologia v0.2 / protocolo v0.2,metodologia v0.3 / protocolo v0.3,C 24 · pos 6 · sin banda · ext=false · sc=true,C 24 · pos 6 · Media · ext=false · sc=true,cambió,banda nueva,D12 / metodología §6.5 (umbrales 20/50/75),CH-093,
S31-R02,agente,S31,riesgo,metodologia v0.2 / protocolo v0.2,metodologia v0.3 / protocolo v0.3,C 45 · pos 3 · sin banda · ext=false · sc=false,C 45 · pos 3 · Media · ext=false · sc=false,cambió,banda nueva,D12 / metodología §6.5 (umbrales 20/50/75),CH-093,
S31-R03,agente,S31,riesgo,metodologia v0.2 / protocolo v0.2,metodologia v0.3 / protocolo v0.3,C 32 · pos 5 · sin banda · ext=false · sc=true,C 32 · pos 5 · Media · ext=false · sc=true,cambió,banda nueva,D12 / metodología §6.5 (umbrales 20/50/75),CH-093,
S31-R04,agente,S31,riesgo,metodologia v0.2 / protocolo v0.2,metodologia v0.3 / protocolo v0.3,C 48 · pos 1 · sin banda · ext=false · sc=false,C 48 · pos 1 · Media · ext=false · sc=false,cambió,banda nueva,D12 / metodología §6.5 (umbrales 20/50/75),CH-093,
S31-R05,agente,S31,riesgo,metodologia v0.2 / protocolo v0.2,metodologia v0.3 / protocolo v0.3,C 36 · pos 4 · sin banda · ext=false · sc=false,C 36 · pos 4 · Media · ext=false · sc=false,cambió,banda nueva,D12 / metodología §6.5 (umbrales 20/50/75),CH-093,
S31-R06,agente,S31,riesgo,metodologia v0.2 / protocolo v0.2,metodologia v0.3 / protocolo v0.3,C 45 · pos 2 · sin banda · ext=false · sc=false,C 45 · pos 2 · Media · ext=false · sc=false,cambió,banda nueva,D12 / metodología §6.5 (umbrales 20/50/75),CH-093,
S32-R01,agente,S32,riesgo,metodologia v0.2 / protocolo v0.2,metodologia v0.3 / protocolo v0.3,C 48 · pos 2 · sin banda · ext=false · sc=true,C 48 · pos 2 · Media · ext=false · sc=true,cambió,banda nueva,D12 / metodología §6.5 (umbrales 20/50/75),CH-093,
S32-R02,agente,S32,riesgo,metodologia v0.2 / protocolo v0.2,metodologia v0.3 / protocolo v0.3,C 48 · pos 3 · sin banda · ext=false · sc=false,C 48 · pos 3 · Media · ext=false · sc=false,cambió,banda nueva,D12 / metodología §6.5 (umbrales 20/50/75),CH-093,
S32-R03,agente,S32,riesgo,metodologia v0.2 / protocolo v0.2,metodologia v0.3 / protocolo v0.3,C 60 · pos 1 · sin banda · ext=true · sc=false,C 60 · pos 1 · Alta · ext=true · sc=false,cambió,banda nueva,D12 / metodología §6.5 (umbrales 20/50/75),CH-093,
S32-R04,agente,S32,riesgo,metodologia v0.2 / protocolo v0.2,metodologia v0.3 / protocolo v0.3,C 24 · pos 5 · sin banda · ext=false · sc=false,C 24 · pos 5 · Media · ext=false · sc=false,cambió,banda nueva,D12 / metodología §6.5 (umbrales 20/50/75),CH-093,
S32-R05,agente,S32,riesgo,metodologia v0.2 / protocolo v0.2,metodologia v0.3 / protocolo v0.3,C 45 · pos 4 · sin banda · ext=false · sc=false,C 45 · pos 4 · Media · ext=false · sc=false,cambió,banda nueva,D12 / metodología §6.5 (umbrales 20/50/75),CH-093,
S32-R06,agente,S32,riesgo,metodologia v0.2 / protocolo v0.2,metodologia v0.3 / protocolo v0.3,no evaluable · ext=false · sc=false,no evaluable · ext=false · sc=false,sin_cambio,,,,
S33-R01,agente,S33,riesgo,metodologia v0.2 / protocolo v0.2,metodologia v0.3 / protocolo v0.3,C 30 · pos 3 · sin banda · ext=true · sc=false,C 30 · pos 3 · Media · ext=true · sc=false,cambió,banda nueva,D12 / metodología §6.5 (umbrales 20/50/75),CH-093,
S33-R02,agente,S33,riesgo,metodologia v0.2 / protocolo v0.2,metodologia v0.3 / protocolo v0.3,C 24 · pos 5 · sin banda · ext=false · sc=false,C 24 · pos 5 · Media · ext=false · sc=false,cambió,banda nueva,D12 / metodología §6.5 (umbrales 20/50/75),CH-093,
S33-R03,agente,S33,riesgo,metodologia v0.2 / protocolo v0.2,metodologia v0.3 / protocolo v0.3,C 25 · pos 4 · sin banda · ext=false · sc=false,C 25 · pos 4 · Media · ext=false · sc=false,cambió,banda nueva,D12 / metodología §6.5 (umbrales 20/50/75),CH-093,
S33-R04,agente,S33,riesgo,metodologia v0.2 / protocolo v0.2,metodologia v0.3 / protocolo v0.3,C 36 · pos 2 · sin banda · ext=false · sc=false,C 36 · pos 2 · Media · ext=false · sc=false,cambió,banda nueva,D12 / metodología §6.5 (umbrales 20/50/75),CH-093,
S33-R05,agente,S33,riesgo,metodologia v0.2 / protocolo v0.2,metodologia v0.3 / protocolo v0.3,C 20 · pos 6 · sin banda · ext=false · sc=false,C 20 · pos 6 · Media · ext=false · sc=false,cambió,banda nueva,D12 / metodología §6.5 (umbrales 20/50/75),CH-093,
S33-R06,agente,S33,riesgo,metodologia v0.2 / protocolo v0.2,metodologia v0.3 / protocolo v0.3,C 80 · pos 1 · sin banda · ext=false · sc=false,C 80 · pos 1 · Crítica · ext=false · sc=false,cambió,banda nueva,D12 / metodología §6.5 (umbrales 20/50/75),CH-093,
S34-R01,agente,S34,riesgo,metodologia v0.2 / protocolo v0.2,metodologia v0.3 / protocolo v0.3,no evaluable · ext=false · sc=false,no evaluable · ext=true · sc=false,cambió,consecuencia_extrema false→true (econ),protocolo §2.3 consecuencia_extrema en no evaluable,CH-092,
S34-R02,agente,S34,riesgo,metodologia v0.2 / protocolo v0.2,metodologia v0.3 / protocolo v0.3,C 30 · pos 5 · sin banda · ext=false · sc=false,C 30 · pos 5 · Media · ext=false · sc=false,cambió,banda nueva,D12 / metodología §6.5 (umbrales 20/50/75),CH-093,
S34-R03,agente,S34,riesgo,metodologia v0.2 / protocolo v0.2,metodologia v0.3 / protocolo v0.3,C 40 · pos 4 · sin banda · ext=false · sc=false,C 40 · pos 4 · Media · ext=false · sc=false,cambió,banda nueva,D12 / metodología §6.5 (umbrales 20/50/75),CH-093,
S34-R04,agente,S34,riesgo,metodologia v0.2 / protocolo v0.2,metodologia v0.3 / protocolo v0.3,C 45 · pos 3 · sin banda · ext=false · sc=false,C 45 · pos 3 · Media · ext=false · sc=false,cambió,banda nueva,D12 / metodología §6.5 (umbrales 20/50/75),CH-093,
S34-R05,agente,S34,riesgo,metodologia v0.2 / protocolo v0.2,metodologia v0.3 / protocolo v0.3,C 45 · pos 2 · sin banda · ext=true · sc=false,C 45 · pos 2 · Media · ext=true · sc=false,cambió,banda nueva,D12 / metodología §6.5 (umbrales 20/50/75),CH-093,
S34-R06,agente,S34,riesgo,metodologia v0.2 / protocolo v0.2,metodologia v0.3 / protocolo v0.3,C 60 · pos 1 · sin banda · ext=false · sc=true,C 60 · pos 1 · Alta · ext=false · sc=true,cambió,banda nueva,D12 / metodología §6.5 (umbrales 20/50/75),CH-093,
S35-R01,agente,S35,riesgo,metodologia v0.2 / protocolo v0.2,metodologia v0.3 / protocolo v0.3,C 80 · pos 1 · sin banda · ext=false · sc=false,C 80 · pos 1 · Crítica · ext=false · sc=false,cambió,banda nueva,D12 / metodología §6.5 (umbrales 20/50/75),CH-093,
S35-R02,agente,S35,riesgo,metodologia v0.2 / protocolo v0.2,metodologia v0.3 / protocolo v0.3,C 60 · pos 3 · sin banda · ext=true · sc=false,C 60 · pos 3 · Alta · ext=true · sc=false,cambió,banda nueva,D12 / metodología §6.5 (umbrales 20/50/75),CH-093,
S35-R03,agente,S35,riesgo,metodologia v0.2 / protocolo v0.2,metodologia v0.3 / protocolo v0.3,C 40 · pos 4 · sin banda · ext=false · sc=false,C 40 · pos 4 · Media · ext=false · sc=false,cambió,banda nueva,D12 / metodología §6.5 (umbrales 20/50/75),CH-093,
S35-R04,agente,S35,riesgo,metodologia v0.2 / protocolo v0.2,metodologia v0.3 / protocolo v0.3,C 32 · pos 5 · sin banda · ext=false · sc=false,C 32 · pos 5 · Media · ext=false · sc=false,cambió,banda nueva,D12 / metodología §6.5 (umbrales 20/50/75),CH-093,
S35-R05,agente,S35,riesgo,metodologia v0.2 / protocolo v0.2,metodologia v0.3 / protocolo v0.3,C 60 · pos 2 · sin banda · ext=true · sc=true,C 60 · pos 2 · Alta · ext=true · sc=true,cambió,banda nueva,D12 / metodología §6.5 (umbrales 20/50/75),CH-093,
S35-R06,agente,S35,riesgo,metodologia v0.2 / protocolo v0.2,metodologia v0.3 / protocolo v0.3,C 30 · pos 6 · sin banda · ext=false · sc=false,C 30 · pos 6 · Media · ext=false · sc=false,cambió,banda nueva,D12 / metodología §6.5 (umbrales 20/50/75),CH-093,
S36-R01,agente,S36,riesgo,metodologia v0.2 / protocolo v0.2,metodologia v0.3 / protocolo v0.3,C 48 · pos 4 · sin banda · ext=false · sc=false,C 48 · pos 4 · Media · ext=false · sc=false,cambió,banda nueva,D12 / metodología §6.5 (umbrales 20/50/75),CH-093,
S36-R02,agente,S36,riesgo,metodologia v0.2 / protocolo v0.2,metodologia v0.3 / protocolo v0.3,C 15 · pos 7 · sin banda · ext=false · sc=false,C 15 · pos 7 · Baja · ext=false · sc=false,cambió,banda nueva,D12 / metodología §6.5 (umbrales 20/50/75),CH-093,
S36-R03,agente,S36,riesgo,metodologia v0.2 / protocolo v0.2,metodologia v0.3 / protocolo v0.3,C 60 · pos 2 · sin banda · ext=true · sc=true,C 60 · pos 2 · Alta · ext=true · sc=true,cambió,banda nueva,D12 / metodología §6.5 (umbrales 20/50/75),CH-093,
S36-R04,agente,S36,riesgo,metodologia v0.2 / protocolo v0.2,metodologia v0.3 / protocolo v0.3,C 36 · pos 6 · sin banda · ext=false · sc=false,C 36 · pos 6 · Media · ext=false · sc=false,cambió,banda nueva,D12 / metodología §6.5 (umbrales 20/50/75),CH-093,
S36-R05,agente,S36,riesgo,metodologia v0.2 / protocolo v0.2,metodologia v0.3 / protocolo v0.3,C 48 · pos 5 · sin banda · ext=false · sc=false,C 48 · pos 5 · Media · ext=false · sc=false,cambió,banda nueva,D12 / metodología §6.5 (umbrales 20/50/75),CH-093,
S36-R06,agente,S36,riesgo,metodologia v0.2 / protocolo v0.2,metodologia v0.3 / protocolo v0.3,C 64 · pos 1 · sin banda · ext=false · sc=false,C 64 · pos 1 · Alta · ext=false · sc=false,cambió,banda nueva,D12 / metodología §6.5 (umbrales 20/50/75),CH-093,
S36-R07,agente,S36,riesgo,metodologia v0.2 / protocolo v0.2,metodologia v0.3 / protocolo v0.3,C 60 · pos 2 · sin banda · ext=true · sc=false,C 60 · pos 2 · Alta · ext=true · sc=false,cambió,banda nueva,D12 / metodología §6.5 (umbrales 20/50/75),CH-093,
S37-R01,agente,S37,riesgo,metodologia v0.2 / protocolo v0.2,metodologia v0.3 / protocolo v0.3,C 80 · pos 1 · sin banda · ext=true · sc=true,C 80 · pos 1 · Crítica · ext=true · sc=true,cambió,banda nueva,D12 / metodología §6.5 (umbrales 20/50/75),CH-093,
S37-R02,agente,S37,riesgo,metodologia v0.2 / protocolo v0.2,metodologia v0.3 / protocolo v0.3,C 48 · pos 4 · sin banda · ext=false · sc=true,C 48 · pos 4 · Media · ext=false · sc=true,cambió,banda nueva,D12 / metodología §6.5 (umbrales 20/50/75),CH-093,
S37-R03,agente,S37,riesgo,metodologia v0.2 / protocolo v0.2,metodologia v0.3 / protocolo v0.3,C 30 · pos 5 · sin banda · ext=false · sc=false,C 30 · pos 5 · Media · ext=false · sc=false,cambió,banda nueva,D12 / metodología §6.5 (umbrales 20/50/75),CH-093,
S37-R04,agente,S37,riesgo,metodologia v0.2 / protocolo v0.2,metodologia v0.3 / protocolo v0.3,C 80 · pos 2 · sin banda · ext=false · sc=false,C 80 · pos 2 · Crítica · ext=false · sc=false,cambió,banda nueva,D12 / metodología §6.5 (umbrales 20/50/75),CH-093,
S37-R05,agente,S37,riesgo,metodologia v0.2 / protocolo v0.2,metodologia v0.3 / protocolo v0.3,C 75 · pos 3 · sin banda · ext=true · sc=false,C 75 · pos 3 · Crítica · ext=true · sc=false,cambió,banda nueva,D12 / metodología §6.5 (umbrales 20/50/75),CH-093,
S37-R06,agente,S37,riesgo,metodologia v0.2 / protocolo v0.2,metodologia v0.3 / protocolo v0.3,C 24 · pos 7 · sin banda · ext=false · sc=false,C 24 · pos 7 · Media · ext=false · sc=false,cambió,banda nueva,D12 / metodología §6.5 (umbrales 20/50/75),CH-093,
S37-R07,agente,S37,riesgo,metodologia v0.2 / protocolo v0.2,metodologia v0.3 / protocolo v0.3,C 24 · pos 6 · sin banda · ext=false · sc=false,C 24 · pos 6 · Media · ext=false · sc=false,cambió,banda nueva,D12 / metodología §6.5 (umbrales 20/50/75),CH-093,
S01-R01,emiliano,S01,riesgo,metodologia v0.2 / protocolo v0.2,metodologia v0.3 / protocolo v0.3,C 60 · pos 1 · sin banda · ext=true · sc=true,C 60 · pos 1 · Alta · ext=true · sc=true,cambió,banda nueva,D12 / metodología §6.5 (umbrales 20/50/75),CH-093,
S01-R02,emiliano,S01,riesgo,metodologia v0.2 / protocolo v0.2,metodologia v0.3 / protocolo v0.3,C 30 · pos 2 · sin banda · ext=false · sc=false,C 30 · pos 2 · Media · ext=false · sc=false,cambió,banda nueva,D12 / metodología §6.5 (umbrales 20/50/75),CH-093,
S02-R07,emiliano,S02,riesgo,metodologia v0.2 / protocolo v0.2,metodologia v0.3 / protocolo v0.3,no evaluable · ext=true · sc=false,no evaluable · ext=true · sc=false,sin_cambio,,,,
S04-R03,emiliano,S04,riesgo,metodologia v0.2 / protocolo v0.2,metodologia v0.3 / protocolo v0.3,no evaluable · ext=true · sc=false,no evaluable · ext=true · sc=false,sin_cambio,,,,
S04-R05,emiliano,S04,riesgo,metodologia v0.2 / protocolo v0.2,metodologia v0.3 / protocolo v0.3,C 36 · pos 1 · sin banda · ext=false · sc=false,C 36 · pos 1 · Media · ext=false · sc=false,cambió,banda nueva,D12 / metodología §6.5 (umbrales 20/50/75),CH-093,
S05-R08,emiliano,S05,riesgo,metodologia v0.2 / protocolo v0.2,metodologia v0.3 / protocolo v0.3,C 24 · pos 1 · sin banda · ext=false · sc=false,C 24 · pos 1 · Media · ext=false · sc=false,cambió,banda nueva,D12 / metodología §6.5 (umbrales 20/50/75),CH-093,
S07-R01,emiliano,S07,riesgo,metodologia v0.2 / protocolo v0.2,metodologia v0.3 / protocolo v0.3,C 60 · pos 1 · sin banda · ext=true · sc=true,C 60 · pos 1 · Alta · ext=true · sc=true,cambió,banda nueva,D12 / metodología §6.5 (umbrales 20/50/75),CH-093,
S08-R03,emiliano,S08,riesgo,metodologia v0.2 / protocolo v0.2,metodologia v0.3 / protocolo v0.3,C 75 · pos 1 · sin banda · ext=true · sc=true,C 75 · pos 1 · Crítica · ext=true · sc=true,cambió,banda nueva,D12 / metodología §6.5 (umbrales 20/50/75),CH-093,
S10-R03,emiliano,S10,riesgo,metodologia v0.2 / protocolo v0.2,metodologia v0.3 / protocolo v0.3,C 64 · pos 1 · sin banda · ext=false · sc=true,C 64 · pos 1 · Alta · ext=false · sc=true,cambió,banda nueva,D12 / metodología §6.5 (umbrales 20/50/75),CH-093,
S12-R01,emiliano,S12,riesgo,metodologia v0.2 / protocolo v0.2,metodologia v0.3 / protocolo v0.3,C 36 · pos 1 · sin banda · ext=false · sc=false,C 36 · pos 1 · Media · ext=false · sc=false,cambió,banda nueva,D12 / metodología §6.5 (umbrales 20/50/75),CH-093,
S12-R05,emiliano,S12,riesgo,metodologia v0.2 / protocolo v0.2,metodologia v0.3 / protocolo v0.3,no evaluable · ext=true · sc=false,no evaluable · ext=true · sc=false,sin_cambio,,,,
S13-R04,emiliano,S13,riesgo,metodologia v0.2 / protocolo v0.2,metodologia v0.3 / protocolo v0.3,C 36 · pos 1 · sin banda · ext=false · sc=false,C 36 · pos 1 · Media · ext=false · sc=false,cambió,banda nueva,D12 / metodología §6.5 (umbrales 20/50/75),CH-093,
S13-R05,emiliano,S13,riesgo,metodologia v0.2 / protocolo v0.2,metodologia v0.3 / protocolo v0.3,no evaluable · ext=true · sc=true,no evaluable · ext=true · sc=true,sin_cambio,,,,
S14-R01,emiliano,S14,riesgo,metodologia v0.2 / protocolo v0.2,metodologia v0.3 / protocolo v0.3,C 36 · pos 1 · sin banda · ext=false · sc=false,C 36 · pos 1 · Media · ext=false · sc=false,cambió,banda nueva,D12 / metodología §6.5 (umbrales 20/50/75),CH-093,
S15-R04,emiliano,S15,riesgo,metodologia v0.2 / protocolo v0.2,metodologia v0.3 / protocolo v0.3,C 64 · pos 1 · sin banda · ext=false · sc=true,C 64 · pos 1 · Alta · ext=false · sc=true,cambió,banda nueva,D12 / metodología §6.5 (umbrales 20/50/75),CH-093,
S18-R03,emiliano,S18,riesgo,metodologia v0.2 / protocolo v0.2,metodologia v0.3 / protocolo v0.3,C 60 · pos 1 · sin banda · ext=true · sc=true,C 60 · pos 1 · Alta · ext=true · sc=true,cambió,banda nueva,D12 / metodología §6.5 (umbrales 20/50/75),CH-093,
S19-R06,emiliano,S19,riesgo,metodologia v0.2 / protocolo v0.2,metodologia v0.3 / protocolo v0.3,no evaluable · ext=false · sc=true,no evaluable · ext=false · sc=true,sin_cambio,,,,
S20-R06,emiliano,S20,riesgo,metodologia v0.2 / protocolo v0.2,metodologia v0.3 / protocolo v0.3,C 36 · pos 1 · sin banda · ext=false · sc=false,C 36 · pos 1 · Media · ext=false · sc=false,cambió,banda nueva,D12 / metodología §6.5 (umbrales 20/50/75),CH-093,
S21-R01,emiliano,S21,riesgo,metodologia v0.2 / protocolo v0.2,metodologia v0.3 / protocolo v0.3,C 48 · pos 1 · sin banda · ext=false · sc=false,C 48 · pos 1 · Media · ext=false · sc=false,cambió,banda nueva,D12 / metodología §6.5 (umbrales 20/50/75),CH-093,
S22-R02,emiliano,S22,riesgo,metodologia v0.2 / protocolo v0.2,metodologia v0.3 / protocolo v0.3,C 60 · pos 1 · sin banda · ext=true · sc=true,C 60 · pos 1 · Alta · ext=true · sc=true,cambió,banda nueva,D12 / metodología §6.5 (umbrales 20/50/75),CH-093,
S22-R03,emiliano,S22,riesgo,metodologia v0.2 / protocolo v0.2,metodologia v0.3 / protocolo v0.3,C 45 · pos 2 · sin banda · ext=false · sc=false,C 45 · pos 2 · Media · ext=false · sc=false,cambió,banda nueva,D12 / metodología §6.5 (umbrales 20/50/75),CH-093,
S24-R03,emiliano,S24,riesgo,metodologia v0.2 / protocolo v0.2,metodologia v0.3 / protocolo v0.3,C 60 · pos 1 · sin banda · ext=true · sc=false,C 60 · pos 1 · Alta · ext=true · sc=false,cambió,banda nueva,D12 / metodología §6.5 (umbrales 20/50/75),CH-093,
S28-R07,emiliano,S28,riesgo,metodologia v0.2 / protocolo v0.2,metodologia v0.3 / protocolo v0.3,no evaluable · ext=false · sc=false,no evaluable · ext=false · sc=false,sin_cambio,,,,
S29-R06,emiliano,S29,riesgo,metodologia v0.2 / protocolo v0.2,metodologia v0.3 / protocolo v0.3,C 45 · pos 1 · sin banda · ext=false · sc=false,C 45 · pos 1 · Media · ext=false · sc=false,cambió,banda nueva,D12 / metodología §6.5 (umbrales 20/50/75),CH-093,
S31-R06,emiliano,S31,riesgo,metodologia v0.2 / protocolo v0.2,metodologia v0.3 / protocolo v0.3,C 80 · pos 1 · sin banda · ext=false · sc=true,C 80 · pos 1 · Crítica · ext=false · sc=true,cambió,banda nueva,D12 / metodología §6.5 (umbrales 20/50/75),CH-093,
S32-R03,emiliano,S32,riesgo,metodologia v0.2 / protocolo v0.2,metodologia v0.3 / protocolo v0.3,C 60 · pos 1 · sin banda · ext=true · sc=false,C 60 · pos 1 · Alta · ext=true · sc=false,cambió,banda nueva,D12 / metodología §6.5 (umbrales 20/50/75),CH-093,
S33-R05,emiliano,S33,riesgo,metodologia v0.2 / protocolo v0.2,metodologia v0.3 / protocolo v0.3,C 45 · pos 1 · sin banda · ext=false · sc=false,C 45 · pos 1 · Media · ext=false · sc=false,cambió,banda nueva,D12 / metodología §6.5 (umbrales 20/50/75),CH-093,
S36-R03,emiliano,S36,riesgo,metodologia v0.2 / protocolo v0.2,metodologia v0.3 / protocolo v0.3,C 60 · pos 1 · sin banda · ext=true · sc=true,C 60 · pos 1 · Alta · ext=true · sc=true,cambió,banda nueva,D12 / metodología §6.5 (umbrales 20/50/75),CH-093,
S36-R04,emiliano,S36,riesgo,metodologia v0.2 / protocolo v0.2,metodologia v0.3 / protocolo v0.3,C 48 · pos 2 · sin banda · ext=false · sc=true,C 48 · pos 2 · Media · ext=false · sc=true,cambió,banda nueva,D12 / metodología §6.5 (umbrales 20/50/75),CH-093,
S37-R03,emiliano,S37,riesgo,metodologia v0.2 / protocolo v0.2,metodologia v0.3 / protocolo v0.3,no evaluable · ext=false · sc=false,no evaluable · ext=false · sc=false,sin_cambio,,,,
