anomalia_id,fase,version_metodologia,codigo,factor,riesgos_involucrados,descripcion,dato_vs_metodologia,estado,decision,regla_resultante,version_que_la_incorpora
AN-8-industria-y-construccion-0001,8,metodologia v0.2,A12,i_econ,S02-R07,"§4.1.4 (D8) manda poner el peor creíble en <f>_max y §9.2 / protocolo §2.2 limitan el rango de un factor con valor a tres niveles contiguos. El plausible de un atraso es nivel 2 y el peor creíble (tercer atraso de más de 10 días hábiles y rescisión del contrato con el cliente A, USD 2,4 M de margen) es 5: el rango 2–5 tiene cuatro niveles. Lectura literal aplicada: i_econ unknown con min 2 y max 5, y el riesgo queda no evaluable por la cota de §9.3. Otra lectura: el rango sólo recoge la duda sobre el plausible (§9.1.2) y el peor creíble va a la observación; con ella i_econ = 2 y el riesgo es evaluable.",metodologia,abierta,,,
AN-8-industria-y-construccion-0002,8,metodologia v0.2,A7,na,S02-R05,"El evento agrupa la rotura de componentes con P y consecuencias muy distintas (válvula o bomba con 1 a 3 semanas de reposición y antecedentes propios; cilindro principal con 14 a 18 semanas y sólo antecedentes en comparables; bastidor con 10 a 12 meses). Por §1.3.3 sería un padre con hijos por componente. Se evaluó como está, con el escenario plausible de válvula o bomba y el cilindro en el máximo.",dato,abierta,,,
AN-8-industria-y-construccion-0003,8,metodologia v0.2,A7,na,S02-R07,"El riesgo junta tres causas con P y V distintas (demora de la acería, falta de capacidad de soldadura, parada de equipos como la PH-800, que además es S02-R05). Por §1.3.4 sería un padre con un hijo por causa. Se evaluó como riesgo simple.",dato,abierta,,,
AN-8-industria-y-construccion-0004,8,metodologia v0.2,A8,ranking,S02-R06,"Con V secuencial, personas y legal toman V_d = contención (4) aunque su I sea 1, y económico toma 3 por la recuperación probada. La dimensión determinante de C_raw resulta personas y legal, dos dimensiones sin consecuencia, por encima de la que concentra la pérdida real (económico). La regla se aplicó sin dudas; el resultado choca con el juicio profesional.",metodologia,abierta,,,
AN-8-industria-y-construccion-0005,8,metodologia v0.2,A6,p,S02-R01,"El incidente de 2024-03 (guante atrapado y rasgado en la matriz, sin lesión) figura como antecedente y como precursor en la ficha. Si la prensa cerró con la mano dentro de la zona, es antecedente del evento iniciador en los últimos 36 meses (ancla 4 por historia propia); si sólo entró el guante, es precursor. Se tomó como precursor; el rango de P cubre las dos lecturas.",dato,abierta,,,
AN-8-industria-y-construccion-0006,8,metodologia v0.2,A12,na,S05-P01,"Protocolo v0.2 §2.3 y metodología §1.4.7 piden el campo derivado prioridad_provisional en las fichas de padre, pero plantillas/ficha-evaluacion.csv no tiene esa columna, y la consigna pide los mismos encabezados que la plantilla. Se conservaron los encabezados y el valor se escribió al final de justificacion.",metodologia,abierta,,,
AN-8-industria-y-construccion-0007,8,metodologia v0.2,A12,na,S05-R09;S02-R07,"Protocolo §2.3 define consecuencia_extrema sólo con <f>_valor = 5, mientras metodología §8.2 ('Riesgo no evaluable') dice que las dos banderas aplican también si la dimensión es unknown y su <f>_max alcanza el umbral. Se aplicó la metodología (regla específica para no evaluables): consecuencia_extrema = true en S05-R09 (i_pers unknown, max 5) y en S02-R07 (i_econ unknown, max 5); la fila de S02-R07 se corrigió en esta corrida antes del cierre.",metodologia,abierta,,,
AN-8-industria-y-construccion-0008,8,metodologia v0.2,A2,p,S05-P01-S01;S05-P01-S02;S05-P01-S03,"La tasa sectorial de la superintendencia (accidentes con baja por caída de altura cada 100 trabajadores) es de jerarquía 1, pero la metodología no dice sobre qué exposición aplicarla: todos los trabajadores de la obra (base de la tasa) o sólo los que trabajan en altura. En el edificio da nivel 5 con ~238 trabajadores y 3 con los 45 de bordes; en la obra vial, 4 con ~190 y 1 o 2 con 8 a 14. Se usó la población de la base de la tasa (trabajadores de la actividad en la obra); el rango de P registra la otra lectura donde cabe.",metodologia,abierta,,,
AN-8-industria-y-construccion-0009,8,metodologia v0.2,A6,p,S05-P01-S02,El montaje de la cubierta termina en 2026-11: la exposición actual dura 2 de los 12 meses del horizonte. §3.1 pide P 'con la exposición actual' y no dice si se proyecta la exposición conocida que termina. Se evaluó con la exposición actual sostenida (lectura literal); con la exposición prevista P bajaría uno o dos niveles.,metodologia,abierta,,,
AN-8-industria-y-construccion-0010,8,metodologia v0.2,A7,na,S05-R06,"'Accidente de un trabajador de un subcontratista' junta cortes, caídas, atrapamientos y contacto eléctrico de 23 subcontratistas en cuatro obras, con consecuencias y V distintas (de un corte con primeros auxilios a una amputación o muerte); además se solapa con S05-P01 y S05-R04 cuando el accidentado es de un subcontratista. Se evaluó tal como está.",dato,abierta,,,
AN-8-industria-y-construccion-0011,8,metodologia v0.2,A8,ranking,S05-R07,"Igual que en S02-R06: con I = 1 en las cuatro dimensiones, personas y legal toman V_d = contención (4) y determinan C_raw por encima de económico, donde está la pérdida real. Resultado contraintuitivo de la regla secuencial.",metodologia,abierta,,,
AN-8-industria-y-construccion-0012,8,metodologia v0.2,A2,p,S05-R08,El evento (no terminar la escuela al 2026-12-15) está en curso y el programa de la propia empresa lo da por casi seguro (24 a 57 días de atraso). Las anclas de §3.3 se basan en frecuencia de ocurrencias pasadas y no tienen una regla para un evento único cuya ocurrencia ya está prácticamente determinada. Se llegó a 5 por comparables (11 de 18 escuelas atrasadas) más el ajuste +1 por condiciones actuales.,metodologia,abierta,,,
AN-8-industria-y-construccion-0013,8,metodologia v0.2,A11,v_rec,S05-R08,El plan de aceleración figura como control preventivo (antes del evento) y como recuperación. Actúa antes del vencimiento del plazo pero no evita el evento (el programa da 24 días de atraso con él): reduce la magnitud. Se cargó sólo en recuperación y el I bruto se midió sin él (57 días); otro evaluador podría cargarlo en P.,metodologia,abierta,,,
AN-8-industria-y-construccion-0014,8,metodologia v0.2,A6,p,S05-R09,"Las fisuras de 2026-05 en el lindero este (atribuidas a la compactación, reparadas sin peritaje) figuran en la ficha como precursor, pero por definición son un asentamiento del lindero, es decir el evento iniciador en los últimos 36 meses (ancla 4). Se tomó como precursor, como dice la ficha, y P llegó a 4 por ajuste.",dato,abierta,,,
AN-8-industria-y-construccion-0015,8,metodologia v0.2,A12,na,S22-R04;S22-R06,"Misma contradicción que AN-8-industria-y-construccion-0001 (peor creíble en <f>_max, §4.1.4, contra rango de tres niveles, §9.2): S22-R04 i_legal plausible 1 (denuncia a la ART) con peor creíble 4 (muerte, causa penal; 2 muertes con autoelevador en el sector); S22-R06 i_econ plausible 2 a 3 (fisura de camisa o perforación reparable) con peor creíble 5 (reactor nuevo, 9 a 11 meses sin R-1). Con la lectura literal ambos factores quedan unknown y los dos riesgos no evaluables; con la otra lectura serían evaluables.",metodologia,abierta,,,
AN-8-industria-y-construccion-0016,8,metodologia v0.2,A11,v_cont,S22-R03,"Los kits antiderrame y cubre-rejillas figuran como contención, pero actúan en la playa antes de que el producto entre al pluvial, que es el evento iniciador: por el test de §2.2.3 son control preventivo (P). Se cargaron en P (implícitos en la historia propia) y no en V. Además, la recuperación (consultora de remediación) entra por la tabla fija en V_econ aunque no hay interrupción que acortar.",metodologia,abierta,,,
AN-8-industria-y-construccion-0017,8,metodologia v0.2,A7,na,S22-E01;S22-R07;S22-R03,"§10.2 pide sostener que la consecuencia conjunta sea material (más alta, en alguna dimensión, que cualquier miembro solo). Con la suma sin doble conteo, económico queda en 4 (USD 4,4 a 6 M, 71% a 98% del RO) como S22-R07, continuidad en 4 salvo que la clausura ambiental extienda la detención más allá de 3 meses, y legal toma el máximo de los miembros (3). La materialidad sólo se sostiene en el máximo. El escenario viene en la lista fija y se evaluó igual.",sin_clasificar,abierta,,,
AN-8-industria-y-construccion-0018,8,metodologia v0.2,A2,p,S22-R02,"La fuente de jerarquía 1 (cámara sectorial: 3 liberaciones con lesionados en ~9.000 descargas) cuenta sólo liberaciones con lesionados, no toda liberación; la historia propia (1 liberación en ~500 descargas, hace 5 años) da ancla 3 por antigüedad pero 4,7% anual (nivel 1) si se lee como frecuencia. La metodología no dice si una historia propia con exposición medida se traduce por porcentaje o por ancla. Se tomó la jerarquía 1 más el ajuste +1 y el rango 1–3.",metodologia,abierta,,,
AN-8-industria-y-construccion-0019,8,metodologia v0.2,A2,p,S22-R06,"La base de la aseguradora (5 reclamos por rotura de reactores en ~40 reactores, 2015–2025) es una frecuencia sobre exposición medida (≈1,1% por reactor-año, nivel 1) que podría leerse como jerarquía 1 ('base actuarial'), pero la ficha la rotula 'comparables' y no detalla el tipo de rotura. Se usó como comparables (jerarquía 3) y decidió la historia propia (ancla 4). Con la otra lectura P quedaría en 1–2 con rango hasta 4, más de tres niveles.",metodologia,abierta,,,
AN-8-industria-y-construccion-0020,8,metodologia v0.2,A11,i_cont,S22-R08,"Que la constatación termine en clausura del vertido depende del descargo técnico, que es contención (V). Se tomó la clausura como parte del escenario bruto (sin descargo) y el descargo en V; otro evaluador podría tomar 'multa sin clausura' como plausible, con continuidad 1 y un peor creíble de 4, más de tres niveles.",metodologia,abierta,,,
AN-8-industria-y-construccion-0021,8,metodologia v0.2,A8,ranking,S22-R02,"La liberación de cloro, con un peor creíble de nube letal sobre 8 manzanas y una escuela, queda sexta de siete en el ranking de S22 (P 2 por la tasa sectorial y contención probada del lado del tanque), por debajo de quemaduras químicas leves y frecuentes (S22-R05). La regla se aplicó sin dudas; sólo la bandera safety_critical lo deja visible. La válvula de exceso de flujo de la cisterna, de la que depende el peor caso, no tiene prueba registrada.",metodologia,abierta,,,
AN-8-industria-y-construccion-0022,8,metodologia v0.2,A6,i_pers,S23-R01,La ficha incluye en la consecuencia lesiones de usuarios si un anclaje se desprende en un choque. §4.1.5 excluye eventos posteriores que necesitan una causa nueva e independiente: el choque lo es. Se aplicó la exclusión (I-personas 1). Otra lectura toma el choque como parte de la consecuencia completa de un anclaje defectuoso y daría personas 4 o 5.,metodologia,abierta,,,
AN-8-industria-y-construccion-0023,8,metodologia v0.2,A11,v_cont,S23-R01,"El ensayo destructivo cada 2 horas con bloqueo de lo producido actúa antes de que las piezas se monten en vehículos (el evento iniciador): por §2.2.3 es preventivo y se cargó en P, aunque la ficha lo pone en contención. También la contención en cliente de 2024 actúa antes del montaje.",metodologia,abierta,,,
AN-8-industria-y-construccion-0024,8,metodologia v0.2,A6,i_econ,S23-R04,"La 'consecuencia completa' (§4.1.5) de perder un cliente no tiene fin natural: se tomó hasta el fin del contrato por vida del modelo (2028), unos 2 años de margen perdido (> 100% del RO, nivel 5). Si se toma un año (como un RO anual) da 98% (nivel 4). La metodología no fija el período para pérdidas de ingresos recurrentes.",metodologia,abierta,,,
AN-8-industria-y-construccion-0025,8,metodologia v0.2,A5,ranking,S23-R04;S23-R06,"S23-R04 (rescisión de la terminal B) y S23-R06 (amputación en una prensa) empatan en C_raw; el paso 3 de D10 pone primero a S23-R04 porque su I efectivo es 5 (económico) contra 4 (personas). Esa comparación nivel a nivel entre dimensiones distintas (D11, §4.6 hipótesis) decide el orden entre una pérdida de cliente y una amputación; el evaluador no puede sostener que económico 5 sea más grave que personas 4.",metodologia,abierta,,,
AN-8-industria-y-construccion-0026,8,metodologia v0.2,A2,i_pers,S24-R04,"No hay ensayo de migración del molido de piezas técnicas ni información toxicológica de sus aditivos: la ficha no permite acotar I-personas (de nada a efectos en muchos consumidores). Por §9.2 queda unknown sin rango, lo que vuelve no evaluable a un riesgo cuyo económico y legal sí se pueden estimar; tampoco se acota la duración de una suspensión del registro (i_cont unknown).",dato,abierta,,,
AN-8-industria-y-construccion-0027,8,metodologia v0.2,A2,p,S25-R06,"La encuesta de la cámara (6 de 41 laboratorios asociados informaron ransomware con interrupción entre 2022 y 2025) admite dos lecturas de §3.2: como dato de jerarquía 1 (frecuencia sobre ~164 laboratorio-años, ~3,7% anual → nivel 1) o como organizaciones comparables con ocurrencias en los últimos 5 años (ancla 3). Se tomó la segunda, más literal: es autorreporte de asociados, no una frecuencia medida, y cuenta ransomware de cualquier sistema, no el cifrado de servidores de planta. Con la primera, P quedaría entre 1 y 2 con el ajuste y el riesgo bajaría al fondo del ranking.",ambos,abierta,,,
AN-8-industria-y-construccion-0028,8,metodologia v0.2,A6,i_cont,S25-R05,"§2.4 define la interrupción bruta como el tiempo de esperar la reparación o reposición normal de lo dañado al plazo de mercado. En una contaminación microbiológica del lazo no hay nada que reponer: lo que termina la interrupción es sanitizar y obtener 3 días de resultados conformes, que la ficha lista como recuperación. Se tomó como bruto la duración observada en 2023-02 (9 días, con la sanitización como reparación normal) y la sanitización escrita no se cargó además en V-recuperación como acortamiento; la regla no dice cuál es la reposición normal de un sistema que no se daña físicamente.",metodologia,abierta,,,
AN-8-industria-y-construccion-0029,8,metodologia v0.2,A6,i_econ,S37-R01;S37-R02;S37-R03;S37-R04;S37-R05;S37-R06;S37-R07,"El RO del último ejercicio (2025) es negativo, así que no aplica la regla 1 de magnitud de referencia (§4.2). La regla 2 dice 'promedio normalizado de los ejercicios positivos de los últimos tres': sólo 2023 es positivo (USD 0,16 M). Se tomó la lectura literal, un promedio de un solo ejercicio (USD 0,16 M). La otra lectura (un 'promedio' necesita más de un ejercicio, y entonces corresponde la regla 3, otra medida económica como la facturación) cambiaría todos los niveles económicos de la empresa. Con USD 0,16 M, el 2% son USD 3,2 mil y el 100% USD 160 mil: la escala satura en 5 con montos chicos para una empresa que factura USD 2,4 M.",metodologia,abierta,,,
AN-8-industria-y-construccion-0030,8,metodologia v0.2,A6,i_econ,S37-R01;S37-R04;S37-R05;S37-R07,"§4.2 [F5-1] manda calcular i_econ_min con el margen operativo (RO / facturación) cuando no se conoce el margen de contribución. El margen operativo de 2025 es negativo (−4,6%), lo que da una pérdida por interrupción negativa. Se tomó como mínimo sólo los costos extra (margen perdido cero), como máximo la facturación perdida entera, y como valor más plausible un margen de contribución supuesto de ~45% (mueble a medida en tablero: materiales y herrajes son la mayor parte del costo variable; sueldos y alquiler son fijos, según el dueño). La regla no prevé un margen operativo negativo.",metodologia,abierta,,,
AN-8-industria-y-construccion-0031,8,metodologia v0.2,A2,p,S37-R02,"La tasa de la superintendencia (jerarquía 1: 3,1 lesiones con baja por máquinas para trabajar madera cada 100 expuestos por año) cuenta sólo lesiones con baja, mientras el evento iniciador es el contacto de la mano con la hoja o la fresa, que incluye los 'rozones' atendidos con botiquín. Sobre 6 a 14 expuestos da 3; la historia propia (denuncia de 2024-06 y dos rozones de 2025, éstos sin evidencia) da 4 o 5. Se registró el rango 3–5 con p_valor 3 por jerarquía. La base de la tasa subestima el evento tal como lo define §2.1.",dato,abierta,,,
AN-8-industria-y-construccion-0032,8,metodologia v0.2,A7,na,S37-R04;S37-R05,"Una rotura del husillo de la CNC (6 a 8 semanas al 35%–40% de la producción) puede demorar aperturas de la cadena, que ya multó una demora y pidió un plan de plazos: el escenario por causa común CNC → pérdida del cliente es plausible. No es material en el sentido de §10.2: el económico del cliente ya es 5 y no puede subir, continuidad conjunta queda en 4 como la de la CNC, y personas y legal son 1. Por eso no se creó el escenario. La saturación de la escala (por la magnitud de referencia chica) impide que la acumulación se vea.",metodologia,abierta,,,
