contraste,riesgos,ids,factores_dentro_pm1,pct_factores_pm1,evaluabilidad_como_pretendida,anomalias_esperadas_aparecidas_sin_a1,chequeo,chequeo_resultado
C01,13,S20-R01;S20-R05;S21-R07;S31-R01;S22-R02;S07-R01;S07-R04;S07-E01;S08-R04;S11-R01;S11-R02;S26-R04;S30-P01-S01,87/91,95.6,13/13,2/15,bandera (extrema o safety) en riesgos con I pretendido 5 o I-pers ≥ 4,11/11
C02,25,S06-R02;S15-R05;S18-R02;S18-R07;S20-R04;S03-R01;S03-R06;S03-R07;S27-R05;S28-R05;S31-R02;S33-R05;S02-R04;S02-R06;S24-R05;S24-R06;S25-R03;S37-R03;S37-R06;S10-R06;S14-R06;S35-R03;S35-R06;S04-R07;S29-R06,159/162,98.1,25/25,7/25,,
C03,54,S01-R01;S01-R07;S15-R04;S17-R01;S17-R05;S18-R01;S18-R02;S18-R03;S20-R01;S20-R03;S20-R05;S21-R05;S21-R07;S03-R01;S03-R06;S13-R05;S31-R01;S31-R03;S31-R06;S32-R01;S32-R02;S32-R05;S34-R01;S34-R06;S02-R01;S05-R05;S22-R02;S23-R06;S24-R01;S24-R02;S37-R01;S37-R02;S07-R01;S07-R02;S07-R03;S07-R04;S08-R01;S08-R02;S08-R04;S08-R05;S08-R06;S08-R07;S09-R04;S09-R06;S10-R01;S10-R02;S10-R03;S10-R07;S11-R02;S11-R03;S11-R04;S12-R02;S14-R02;S14-R03,345/359,96.1,51/54,11/55,safety_critical donde I-pers pretendido ≥ 4,37/38
C04,12,S03-R04;S27-R04;S28-R07;S25-R06;S37-R07;S12-R03;S12-R04;S14-R05;S14-R07;S26-R05;S36-R05;S29-R04,72/74,97.3,10/12,4/9,,
C05,31,S17-R01;S17-R03;S17-R04;S18-R01;S18-R04;S18-R07;S19-R01;S21-R04;S27-R02;S27-R04;S31-R01;S31-R02;S31-R05;S34-R02;S34-R04;S22-R02;S22-R08;S25-R01;S25-R02;S25-R04;S25-R06;S07-R04;S07-R08;S09-R02;S09-R05;S11-R01;S11-R05;S11-R07;S12-R05;S26-R07;S29-R06,199/211,94.3,28/31,12/40,,
C06,29,S01-R01;S01-R04;S06-R01;S06-R04;S16-R02;S17-R06;S19-R03;S19-R05;S20-R05;S21-R03;S21-R06;S21-R07;S13-R01;S27-R06;S28-R01;S31-R04;S32-R03;S33-R01;S02-R03;S02-R05;S23-R02;S23-R05;S24-R01;S24-R03;S37-R01;S37-R04;S07-R06;S08-R03;S10-R04,198/202,98.0,28/29,6/27,,
C07,5,S07-R05;S07-R07;S11-R03;S11-R04;S29-P01-S02,31/35,88.6,5/5,2/6,,
C08,6,S06-R01;S06-R03;S06-R04;S37-R01;S37-R07;S04-R02,39/40,97.5,5/6,1/8,,
C09,18,S01-R06;S06-R04;S06-R06;S15-R01;S15-R04;S32-R03;S32-R04;S34-R03;S34-R05;S37-R01;S37-R02;S37-R07;S07-R02;S07-R07;S10-R01;S11-R04;S14-R01;S35-R01,118/122,96.7,17/18,5/21,,
C10,9,S15-R01;S17-R02;S17-R03;S17-R06;S21-R01;S02-R03;S02-R05;S14-R03;S29-R05,61/61,100.0,8/9,5/10,,
C11,19,S06-R05;S16-R01;S03-R04;S27-R05;S32-R06;S34-R01;S05-R09;S23-R01;S37-R01;S37-R06;S37-R07;S09-R02;S10-R01;S10-R05;S12-R01;S12-R04;S12-R05;S26-R05;S36-R07,108/111,97.3,11/19,15/32,misma evaluabilidad que la pretendida (v0.2 sobre niveles pretendidos),11/19
C12,3,S27-R04;S27-R06;S30-P01-S02,20/21,95.2,3/3,1/1,,
C13,78,S01-R05;S01-R07;S06-R01;S06-R02;S06-R03;S06-R05;S06-R06;S15-R03;S15-R06;S16-R05;S16-R06;S17-R02;S17-R03;S18-R03;S18-R06;S19-R04;S20-R06;S21-R04;S21-R05;S21-R06;S03-R03;S03-R05;S13-R01;S13-R04;S13-R05;S31-R03;S31-R05;S31-R06;S32-R01;S32-R02;S32-R03;S32-R06;S33-R03;S33-R04;S34-R01;S34-R04;S34-R05;S34-R06;S02-R06;S02-R07;S05-R05;S05-R06;S05-R09;S22-R02;S22-R09;S23-R01;S23-R03;S23-R04;S23-R05;S24-R04;S25-R03;S25-R06;S37-R05;S07-R03;S09-R02;S09-R06;S10-R03;S10-R05;S10-R06;S10-R07;S11-R01;S11-R02;S11-R05;S11-R06;S12-R01;S12-R04;S12-R05;S14-R04;S14-R07;S26-R04;S35-R05;S36-R01;S36-R04;S36-R06;S04-R04;S29-P01-S01;S29-R07;S30-R07,500/516,96.9,68/78,28/94,,
C14,4,S18-R04;S18-R06;S21-R08;S09-R05,25/28,89.3,4/4,2/6,,
C15,9,S16-R01;S16-R02;S16-R03;S16-R04;S16-R06;S37-R04;S37-R05;S26-R07;S36-R07,58/59,98.3,6/9,5/7,I-econ unknown o anomalía A6 (magnitud de referencia),9/9
C16,3,S05-P01-S01;S05-P01-S02;S05-P01-S03,20/21,95.2,3/3,0/1,sub-riesgo evaluado completo (no hay padre con factores),3/3
C17,4,S19-E01;S22-E01;S07-E01;S36-R07,26/26,100.0,3/4,3/4,escenario evaluado como ficha propia,3/3
C18,30,S01-R01;S01-R03;S01-R06;S06-R04;S15-R01;S15-R02;S20-R02;S20-R05;S21-R01;S21-R02;S21-R04;S21-R06;S03-R02;S03-R05;S13-R02;S33-R02;S05-R09;S23-R01;S23-R05;S24-R01;S37-R01;S07-R06;S11-R02;S11-R05;S11-R06;S11-R07;S14-R03;S35-R02;S29-R07;S30-R07,194/203,95.6,28/30,17/40,,
C19,90,S01-R02;S01-R03;S01-R04;S06-R02;S06-R06;S15-R03;S15-R05;S15-R06;S16-R03;S16-R04;S17-R02;S17-R05;S18-R02;S18-R07;S19-R02;S19-R03;S19-R06;S20-R04;S20-R06;S21-R03;S21-R06;S03-R06;S03-R07;S13-R03;S13-R06;S27-R01;S27-R03;S27-R05;S28-R03;S28-R05;S28-R06;S31-R02;S31-R04;S31-R06;S32-R04;S32-R05;S33-R02;S33-R03;S33-R05;S34-R02;S34-R03;S02-R04;S02-R06;S02-R07;S05-R08;S05-R09;S22-E01;S23-R03;S23-R06;S24-R03;S24-R05;S24-R06;S25-R01;S25-R03;S25-R05;S37-R02;S37-R03;S37-R06;S07-R05;S07-R07;S07-R08;S08-R02;S08-R03;S08-R05;S08-R07;S09-R03;S09-R04;S09-R07;S10-R02;S10-R04;S10-R06;S10-R07;S11-R04;S11-R06;S12-R02;S12-R03;S12-R06;S14-R01;S14-R04;S14-R06;S35-R03;S35-R06;S36-R02;S36-R05;S36-R06;S04-R07;S29-R06;S30-R04;S30-R06;S30-R08,579/599,96.7,88/90,20/61,sin consecuencia_extrema en riesgos corrientes (I pretendido < 5),85/87
C20,13,S15-R01;S03-R02;S25-R01;S09-R01;S12-R01;S12-R02;S12-R06;S26-R02;S26-R03;S26-R06;S29-P01-S03;S29-R04;S29-R05,83/86,96.5,11/13,4/12,P con rango registrado,10/13
C21,11,S06-R05;S21-R01;S21-R02;S21-R03;S21-R04;S21-R08;S37-R04;S37-R05;S37-R07;S10-R03;S10-R04,64/70,91.4,5/11,7/18,I-econ con rango o unknown,11/11
C22,35,S01-R07;S15-R05;S17-R05;S18-R02;S19-R06;S20-R03;S03-R06;S27-R05;S28-R03;S32-R05;S34-R06;S02-R01;S02-R04;S22-R08;S23-R06;S24-R02;S24-R06;S37-R02;S37-R03;S08-R02;S08-R06;S08-R07;S10-R05;S11-R03;S11-R07;S14-R02;S14-R06;S26-R03;S35-R03;S36-R01;S36-R04;S36-R05;S04-R03;S29-R04;S29-R06,208/209,99.5,34/35,5/22,recuperación no_aplica donde se pretendía,27/33
C23,26,S01-R05;S01-R06;S06-R01;S15-R01;S15-R02;S16-R03;S16-R05;S17-R01;S17-R02;S17-R04;S17-R06;S19-R02;S20-R01;S20-R04;S21-R01;S21-R02;S21-R07;S13-R01;S13-R03;S33-R02;S34-R04;S14-R01;S14-R02;S35-R01;S35-R02;S35-R06,175/178,98.3,24/26,8/28,,
C24,10,S27-R04;S02-R01;S02-R02;S02-R03;S02-R05;S37-R01;S08-R01;S08-R03;S08-R04;S26-R04,66/69,95.7,10/10,2/8,,
C25,7,S06-R02;S18-R05;S19-R04;S03-R03;S34-R05;S02-R07;S05-R06,47/47,100.0,6/7,2/10,A7 registrada donde se esperaba,2/4
C26,13,S01-R02;S01-R05;S16-R01;S17-R03;S18-R01;S19-R01;S13-R02;S28-R04;S22-R09;S23-R01;S24-R04;S25-R01;S25-R02,83/86,96.5,12/13,4/20,,
C27,11,S31-R01;S31-R03;S31-R06;S32-R01;S32-R02;S05-P01-S03;S05-R06;S35-R02;S35-R03;S35-R04;S35-R05,71/75,94.7,11/11,0/5,,
C28,12,S28-R02;S28-R04;S14-R02;S14-R03;S14-R06;S26-R06;S35-R02;S35-R05;S36-R01;S36-R03;S36-R04;S36-R07,76/78,97.4,11/12,3/6,,
C29,3,S12-R01;S12-R04;S12-R05,17/18,94.4,1/3,5/9,,
C30,4,S16-R01;S16-R04;S16-R05;S19-R04,27/27,100.0,4/4,2/3,,
C31,4,S01-R01;S09-R01;S09-R03;S09-R07,24/28,85.7,4/4,1/3,,
C32,6,S34-R01;S34-R03;S23-R02;S23-R04;S04-R01;S30-R06,40/40,100.0,5/6,2/6,,
C33,3,S03-R01;S27-R02;S28-R02,18/21,85.7,3/3,2/4,I-continuidad como la pretendida (redundancia natural: perder una unidad de muchas),1/3
C34,3,S33-R01;S33-R04;S30-R05,21/21,100.0,3/3,2/4,,
C35,5,S20-R02;S20-R04;S31-R05;S33-R06;S10-R05,28/31,90.3,4/5,7/12,,
