risk_id,familia,tipo_objeto,contrastes,anomalias_esperadas,anomalias_agente,anomalias_emiliano,no_evaluable_segun_texto,evaluable_int_v01,c_raw_int_v01,evaluable_int_v02,c_raw_int_v02,evaluable_agente,c_raw_agente,evaluable_emiliano,c_raw_emiliano,p_int,p_int_rango,p_ag,p_em,i_econ_int,i_econ_int_rango,i_econ_ag,i_econ_em,i_pers_int,i_pers_int_rango,i_pers_ag,i_pers_em,i_cont_int,i_cont_int_rango,i_cont_ag,i_cont_em,i_legal_int,i_legal_int_rango,i_legal_ag,i_legal_em,v_cont_int,v_cont_int_rango,v_cont_ag,v_cont_em,v_rec_int,v_rec_int_rango,v_rec_ag,v_rec_em
S01-R01,agro-y-alimentos,riesgo,C03;C06;C18;C31,A1;A6;A11,A11;A2,,False,True,60,True,45,true,60,true,60,3,3-4,4,4,5,,5,5,3,3-4,4,5,5,4-5,5,5,2,2-3,4,4,3,3-4,3,3,4,4-5,3,4
S01-R02,agro-y-alimentos,riesgo,C19;C26,A1;A6;A11,A2,A6;A7,False,True,30,True,30,true,30,true,30,5,4-5,5,5,3,2-3,3,3,1,1-2,1,1,1,,1,1,3,2-3,3,3,2,,2,2,2,2-3,2,2
S01-R03,agro-y-alimentos,riesgo,C18;C19,A1,A2,,False,True,36,True,36,true,16,,,4,,4,,3,2-3,2,,2,1-3,2,,1,,1,,2,,2,,3,,2,,2,,2,
S01-R04,agro-y-alimentos,riesgo,C06;C19,A1;A11,A11;A6,,False,True,30,True,20,true,30,,,5,,5,,2,2-4,2,,1,,1,,2,2-4,2,,1,,1,,2,2-3,3,,3,,2,
S01-R05,agro-y-alimentos,riesgo,C13;C23;C26,A10;A11,,,False,True,36,True,36,true,18,,,4,3-4,3,,3,2-3,3,,1,,1,,1,,1,,2,,2,,3,2-3,2,,3,,4,
S01-R06,agro-y-alimentos,riesgo,C09;C18;C23,A1;A6;A11,A11;A2,,False,True,36,True,36,true,24,,,4,3-4,4,,3,2-3,2,,1,,1,,1,,1,,1,,1,,3,,3,,3,2-3,3,
S01-R07,agro-y-alimentos,riesgo,C03;C13;C22,A3;A6;A11,A2,,False,True,64,True,64,true,60,,,4,3-4,5,,3,2-3,3,,4,4-5,4,,3,2-3,3,,4,,4,,4,3-4,3,,no_aplica,,5,
S06-R01,agro-y-alimentos,riesgo,C06;C08;C13;C23,A1;A6,,,False,True,100,True,100,true,75,,,5,4-5,5,,5,,5,,1,,1,,3,3-4,3,,2,,3,,4,3-4,3,,4,,4,
S06-R02,agro-y-alimentos,riesgo,C02;C13;C19;C25,A7;A8;A11,A6,,False,True,15,True,10,true,10,,,5,,5,,1,1-2,1,,1,,1,,1,1-2,1,,1,,1,,2,1-2,2,,3,,4,
S06-R03,agro-y-alimentos,riesgo,C08;C13,A1;A11,,,False,True,80,True,64,true,100,,,4,4-5,5,,5,3-5,5,,4,4-5,4,,2,2-3,3,,4,3-4,4,,4,,4,,2,2-3,4,
S06-R04,agro-y-alimentos,riesgo,C06;C08;C09;C18,A3;A9,A2,,False,True,75,True,75,true,60,,,3,2-3,3,,5,,5,,4,3-5,4,,5,,5,,4,,4,,5,4-5,4,,5,,5,
S06-R05,agro-y-alimentos,riesgo,C11;C13;C21,A1;A2;A6,A6,,True,False,15,False,15,true,80,,,3,3-4,4,,unknown,4-5,5,,1,,1,,1,,1,,1,,1,,5,,5,,3,3-4,3,
S06-R06,agro-y-alimentos,riesgo,C09;C13;C19,A1,A2,,False,True,48,True,48,true,48,,,4,4-5,4,,2,2-4,3,,3,3-4,3,,1,,1,,2,,2,,4,3-4,4,,no_aplica,,no_aplica,
S15-R01,agro-y-alimentos,riesgo,C09;C10;C18;C20;C23,A1;A6;A9,A2;A6,,False,True,75,True,60,true,48,,,3,2-4,3,,5,4-5,4,,1,,1,,1,1-2,1,,1,,1,,4,4-5,4,,5,,4,
S15-R02,agro-y-alimentos,riesgo,C18;C23,A11,A11;A6,,False,True,75,True,60,true,45,,,3,3-4,3,,5,4-5,5,,1,,1,,1,,1,,1,,1,,4,3-4,3,,5,4-5,5,
S15-R03,agro-y-alimentos,riesgo,C13;C19,,A6,,False,True,80,True,60,true,60,,,5,4-5,5,,4,3-4,4,,1,,1,,1,,1,,1,,1,,3,2-3,3,,4,4-5,5,
S15-R04,agro-y-alimentos,riesgo,C03;C09,A1;A11,,A6;A7,False,True,48,True,48,true,64,true,64,3,3-4,4,4,4,2-4,4,4,4,,4,4,1,,1,2,4,3-4,4,4,4,,4,4,3,,3,3
S15-R05,agro-y-alimentos,riesgo,C02;C19;C22,A1;A8,A8,,False,True,30,True,30,true,30,,,5,,5,,1,,1,,2,2-3,2,,1,,1,,1,,1,,3,2-4,3,,no_aplica,,no_aplica,
S15-R06,agro-y-alimentos,riesgo,C13;C19,,A2;A6,,False,True,45,True,27,true,36,,,3,3-4,3,,3,3-4,4,,1,,1,,1,,1,,3,2-3,3,,3,,3,,5,4-5,5,
S16-R01,agro-y-alimentos,riesgo,C11;C15;C26;C30,A1;A6,A2;A6,,False,True,36,True,36,true,36,,,4,4-5,4,,3,2-4,2,,1,1-2,1,,1,,1,,3,3-4,3,,3,,3,,2,,2,
S16-R02,agro-y-alimentos,riesgo,C06;C15,,A6,,False,True,45,True,45,true,60,,,3,3-4,4,,5,4-5,5,,3,3-4,4,,5,4-5,5,,2,2-3,4,,3,,3,,3,,3,
S16-R03,agro-y-alimentos,riesgo,C15;C19;C23,,A6,,False,True,16,True,16,true,20,,,4,4-5,5,,2,1-2,2,,1,,1,,2,2-3,2,,1,,1,,2,,2,,2,2-3,3,
S16-R04,agro-y-alimentos,riesgo,C15;C19;C30,A1;A6,A2;A6,,False,True,32,True,32,true,32,,,4,4-5,4,,1,1-2,1,,1,,1,,1,,1,,2,2-3,2,,4,3-4,4,,2,,2,
S16-R05,agro-y-alimentos,riesgo,C13;C23;C30,,A6,,False,True,64,True,64,true,64,,,4,4-5,4,,3,2-4,2,,4,,4,,2,2-3,2,,4,,4,,4,,4,,no_aplica,,5,
S16-R06,agro-y-alimentos,riesgo,C13;C15,,A6,,False,True,45,True,36,true,48,,,3,3-4,4,,3,2-4,3,,1,,1,,1,,1,,1,,1,,5,,5,,3,,3,
S17-R01,agro-y-alimentos,riesgo,C03;C05;C23,A1;A6,A11,,False,True,32,True,32,true,60,,,4,4-5,5,,2,2-3,3,,4,4-5,4,,3,1-3,3,,4,,4,,2,2-3,3,,2,,4,
S17-R02,agro-y-alimentos,riesgo,C10;C13;C19;C23,,,,False,True,20,True,20,true,20,,,5,,5,,1,1-2,2,,1,,1,,2,2-3,2,,1,,1,,2,,2,,2,,1,
S17-R03,agro-y-alimentos,riesgo,C05;C10;C13;C26,A1;A2;A6,A2,,True,False,36,False,36,false,,,,4,4-5,4,,unknown,1-5,unknown,,2,1-2,1,,1,,1,,3,3-4,3,,3,3-4,2,,2,,2,
S17-R04,agro-y-alimentos,riesgo,C05;C23,A1,A6,,False,True,60,True,60,true,45,,,5,,5,,3,2-3,2,,1,,1,,3,1-4,1,,4,3-4,3,,3,3-4,3,,3,,3,
S17-R05,agro-y-alimentos,riesgo,C03;C19;C22,,,,False,True,45,True,45,true,30,,,5,,5,,1,,1,,3,2-3,3,,1,,1,,2,,2,,3,2-3,2,,no_aplica,,no_aplica,
S17-R06,agro-y-alimentos,riesgo,C06;C10;C23,,A11,,False,True,36,True,24,true,48,,,3,3-4,4,,4,4-5,4,,1,,1,,4,4-5,4,,1,,1,,2,,3,,3,,4,
S18-R01,agro-y-alimentos,riesgo,C03;C05;C26,A5;A6;A11,,,False,True,40,True,32,true,40,,,4,4-5,5,,2,2-3,3,,4,3-4,4,,1,1-2,1,,4,3-4,4,,2,2-3,2,,5,4-5,4,
S18-R02,agro-y-alimentos,riesgo,C02;C03;C19;C22,A1;A8,A8,,False,True,30,True,30,true,20,,,5,,5,,1,,1,,2,2-3,2,,1,,1,,2,1-2,1,,3,3-4,2,,no_aplica,,no_aplica,
S18-R03,agro-y-alimentos,riesgo,C03;C13,A1;A3;A11,A2,A6,False,True,45,True,45,true,48,true,60,3,3-4,4,4,3,,3,3,5,4-5,4,5,3,2-3,3,3,4,,4,4,3,3-4,3,3,4,3-5,3,3
S18-R04,agro-y-alimentos,riesgo,C05;C14,A1;A6,A8,,False,True,48,True,36,true,24,,,3,3-4,2,,4,3-4,4,,1,,1,,4,4-5,4,,4,,4,,3,,3,,4,4-5,4,
S18-R05,agro-y-alimentos,riesgo,C25,A1;A7,A6,,False,True,48,True,36,true,30,,,4,,5,,3,1-3,2,,1,,1,,2,1-3,2,,2,1-2,2,,3,2-4,3,,4,3-5,3,
S18-R06,agro-y-alimentos,riesgo,C13;C14,A1;A6,A2,,False,True,40,True,32,true,24,,,2,1-3,2,,4,3-5,4,,1,,1,,4,3-5,4,,1,1-2,1,,4,,3,,5,,5,
S18-R07,agro-y-alimentos,riesgo,C02;C05;C19,A1;A8,A6,,False,True,45,True,45,true,45,,,5,,5,,2,1-3,1,,1,,1,,1,1-3,1,,3,2-4,3,,3,,3,,3,3-4,4,
S19-R01,agro-y-alimentos,riesgo,C05;C26,A1;A6,,,False,True,36,True,36,true,48,,,3,3-4,4,,2,2-3,3,,4,3-4,4,,1,1-2,3,,4,3-4,4,,3,3-4,3,,3,,3,
S19-R02,agro-y-alimentos,riesgo,C19;C23,A1;A11,A2;A6,,False,True,64,True,48,true,45,,,4,3-4,5,,3,2-3,2,,1,,1,,4,3-4,3,,1,,3,,4,4-5,3,,3,2-3,3,
S19-R03,agro-y-alimentos,riesgo,C06;C19,,A2,,False,True,36,True,24,true,16,,,4,4-5,4,,3,3-4,2,,1,,1,,2,,1,,1,,1,,2,,2,,3,,3,
S19-R04,agro-y-alimentos,riesgo,C13;C25;C30,A1;A6,A2,,False,True,16,True,16,true,16,,,4,4-5,4,,1,1-2,1,,1,,1,,1,,1,,1,,1,,4,3-4,4,,3,2-3,3,
S19-R05,agro-y-alimentos,riesgo,C06,A1;A3,A11;A2;A6,,False,True,60,True,60,true,60,,,3,3-4,4,,5,,5,,3,2-4,4,,5,,5,,4,3-4,4,,4,3-4,3,,4,,3,
S19-R06,agro-y-alimentos,riesgo,C19;C22,A1;A8,A6,A6;A11,False,True,30,True,30,true,45,false,,5,4-5,5,5,1,,1,unknown,2,2-3,3,4,1,,1,1,1,1-2,1,2,3,2-3,3,3,no_aplica,,no_aplica,no_aplica
S19-E01,agro-y-alimentos,escenario,C17,A1;A7,A2,,False,True,48,True,48,true,36,,,3,2-4,3,,4,3-4,4,,1,,1,,3,2-3,3,,1,,1,,4,3-4,3,,4,4-5,4,
S20-R01,agro-y-alimentos,riesgo,C01;C03;C23,A1;A3;A6,A2,,False,True,75,True,75,true,100,,,3,2-3,4,,5,,5,,5,4-5,5,,5,,5,,4,,4,,5,4-5,5,,3,3-4,3,
S20-R02,agro-y-alimentos,riesgo,C18;C35,A1;A6;A10;A11,A10;A6;A8,,False,True,36,True,36,true,64,,,3,3-4,4,,3,3-4,4,,3,2-4,1,,1,,3,,2,1-2,1,,4,3-4,4,,3,,3,
S20-R03,agro-y-alimentos,riesgo,C03;C22,A1,,,False,True,48,True,48,true,48,,,3,,3,,2,1-2,2,,4,,4,,1,,2,,4,3-4,4,,4,,4,,no_aplica,,no_aplica,
S20-R04,agro-y-alimentos,riesgo,C02;C19;C23;C35,A6;A7,A6,,False,True,30,True,30,true,30,,,5,,5,,2,2-3,2,,1,,1,,1,,1,,1,,1,,3,,3,,3,,2,
S20-R05,agro-y-alimentos,riesgo,C01;C03;C06;C18,A1;A2,A2,,False,True,60,True,60,true,60,,,3,3-4,3,,4,4-5,4,,4,,4,,4,1-4,4,,4,,4,,5,,5,,3,3-4,3,
S20-R06,agro-y-alimentos,riesgo,C13;C19,,A2,A6;A7;A10,False,True,32,True,24,true,12,true,36,4,3-4,3,4,2,1-2,2,3,1,,1,1,1,,1,1,2,1-2,2,2,3,,2,3,4,4-5,4,4
S21-R01,agro-y-alimentos,riesgo,C10;C18;C21;C23,A1;A2;A6;A8,A2;A6,A6;A7,True,False,20,False,20,true,48,true,48,5,4-5,4,3,unknown,3-5,3,4,1,,1,1,1,,1,2,1,,1,1,4,4-5,4,4,4,3-4,4,3
S21-R02,agro-y-alimentos,riesgo,C18;C21;C23,A1;A12,A2;A6,,False,False,16,False,16,true,48,,,4,4-5,4,,unknown,2-4,3,,1,,1,,1,,1,,1,,1,,4,,4,,3,,3,
S21-R03,agro-y-alimentos,riesgo,C06;C19;C21,,A2,,False,True,36,True,24,true,32,,,3,3-4,4,,4,3-4,4,,1,,1,,1,,3,,1,,1,,2,2-3,2,,3,,2,
S21-R04,agro-y-alimentos,riesgo,C05;C13;C18;C21,A1;A2;A6,A2;A6,,False,True,12,True,12,true,40,,,4,,4,,1,,4,,1,,1,,1,,5,,1,,4,,3,,2,,3,,3,
S21-R05,agro-y-alimentos,riesgo,C03;C13,,A2,,True,False,,False,,true,60,,,unknown,,3,,3,2-4,2,,5,4-5,4,,1,,1,,4,,4,,5,,5,,4,,4,
S21-R06,agro-y-alimentos,riesgo,C06;C13;C18;C19,,A2,,False,True,36,True,36,true,30,,,4,4-5,5,,3,2-3,3,,1,,1,,3,2-3,3,,1,,1,,3,,2,,3,,3,
S21-R07,agro-y-alimentos,riesgo,C01;C03;C06;C23,A3;A6,A2,,False,True,60,True,60,true,45,,,3,,3,,5,,5,,3,3-4,4,,5,,5,,4,,4,,4,,3,,4,3-4,3,
S21-R08,agro-y-alimentos,riesgo,C14;C21,A1;A6;A12,A2;A6,,False,True,20,True,12,true,50,,,1,1-5,5,,4,3-5,5,,1,,1,,4,3-5,5,,4,3-4,3,,3,,2,,5,4-5,3,
S03-R01,comercio-y-logistica,riesgo,C02;C03;C33,A1;A8,A11;A12;A8,,False,True,30,True,30,true,60,,,5,,5,,1,1-3,2,,2,2-3,4,,1,,3,,2,1-2,3,,3,,3,,2,,1,
S03-R02,comercio-y-logistica,riesgo,C18;C20,A1,A11;A12;A6;A8,,False,True,48,True,36,true,45,,,4,4-5,5,,3,2-3,3,,2,1-3,3,,1,,2,,1,,2,,3,,3,,4,4-5,1,
S03-R03,comercio-y-logistica,riesgo,C13;C25,A1;A7,A6;A7,,False,True,40,True,32,true,32,,,4,3-5,4,,2,1-3,2,,1,1-2,1,,1,,1,,1,,1,,4,,4,,5,4-5,5,
S03-R04,comercio-y-logistica,riesgo,C04;C11,A1;A2;A11,A12;A2,,True,False,15,False,15,true,30,,,5,,5,,unknown,,2,,1,,1,,unknown,,2,,1,,1,,3,,3,,4,3-5,4,
S03-R05,comercio-y-logistica,riesgo,C13;C18,A6;A11,A12;A2;A6,,False,True,75,True,60,true,80,,,3,3-4,4,,5,,5,,3,3-4,4,,5,,5,,3,3-4,4,,4,,4,,5,,4,
S03-R06,comercio-y-logistica,riesgo,C02;C03;C19;C22,A1,A12,,False,True,40,True,40,true,60,,,5,,5,,1,,1,,2,2-3,3,,1,,1,,2,,2,,4,3-4,4,,no_aplica,,2,
S03-R07,comercio-y-logistica,riesgo,C02;C19,A1;A8,,,False,True,10,True,10,true,10,,,5,,5,,1,,1,,1,,1,,1,,1,,1,,1,,2,,2,,no_aplica,,5,
S13-R01,comercio-y-logistica,riesgo,C06;C13;C23,A1;A6,A12,,False,True,60,True,60,true,60,,,3,3-4,4,,5,,5,,3,3-4,4,,5,,5,,4,,4,,4,3-4,3,,4,,3,
S13-R02,comercio-y-logistica,riesgo,C18;C26,A1;A6,A4;A7,,False,True,80,True,48,true,48,,,4,,4,,4,3-5,4,,1,1-2,1,,1,,1,,3,,3,,3,,3,,5,4-5,3,
S13-R03,comercio-y-logistica,riesgo,C19;C23,A1;A6,A11,,False,True,30,True,30,true,30,,,5,,5,,2,1-3,2,,1,,1,,1,,2,,1,,1,,3,,3,,3,,3,
S13-R04,comercio-y-logistica,riesgo,C13,A1;A11,A4,A6,False,True,48,True,36,true,48,true,36,3,3-4,4,3,4,3-4,4,4,1,,1,1,4,2-4,4,4,2,,2,2,3,,3,3,4,,4,4
S13-R05,comercio-y-logistica,riesgo,C03;C13,A1;A6,A12;A6,A6;A7,False,True,48,True,48,true,60,false,,4,3-4,5,5,2,2-4,2,unknown,3,2-3,3,4,1,,1,1,3,,3,4,4,,4,4,3,,3,3
S13-R06,comercio-y-logistica,riesgo,C19,A1,A2,,False,True,18,True,18,true,36,,,3,3-4,4,,2,2-3,3,,1,,1,,1,,3,,2,1-2,1,,3,,3,,3,3-4,3,
S27-R01,comercio-y-logistica,riesgo,C19,A1;A8,A12;A4,,False,True,30,True,30,true,45,,,5,,5,,1,,1,,2,2-3,3,,1,,1,,1,,1,,3,3-4,3,,1,,2,
S27-R02,comercio-y-logistica,riesgo,C05;C33,A5;A8,A6;A8,,False,True,60,True,60,true,60,,,5,4-5,5,,1,,1,,1,,1,,1,,3,,4,3-4,4,,3,,3,,2,,2,
S27-R03,comercio-y-logistica,riesgo,C19,,,,False,True,15,True,15,true,15,,,5,,5,,1,,1,,1,,1,,1,,1,,1,,1,,3,,3,,2,,2,
S27-R04,comercio-y-logistica,riesgo,C04;C05;C12;C24,A1,A6,,False,True,48,True,48,true,48,,,4,3-4,4,,4,,4,,1,,1,,4,,4,,3,,3,,3,,3,,2,2-3,2,
S27-R05,comercio-y-logistica,riesgo,C02;C11;C19;C22,A1,A12;A4,,False,True,60,True,60,true,45,,,5,,5,,1,,1,,3,2-3,3,,1,,1,,2,2-3,3,,4,3-4,3,,no_aplica,,no_aplica,
S27-R06,comercio-y-logistica,riesgo,C06;C12,A1,A12,,False,True,30,True,30,true,30,,,3,2-3,3,,5,,5,,3,2-4,4,,5,,5,,4,3-4,4,,2,1-2,2,,2,,2,
S28-R01,comercio-y-logistica,riesgo,C06,A1,A12,,False,True,60,True,60,true,45,,,4,3-4,3,,5,,5,,3,3-4,4,,5,,5,,2,2-3,3,,3,2-3,3,,3,,3,
S28-R02,comercio-y-logistica,riesgo,C28;C33,A1;A11,A12,,False,True,60,True,60,true,60,,,4,3-4,4,,5,4-5,5,,3,3-4,4,,4,2-4,4,,2,,3,,3,,3,,3,3-4,3,
S28-R03,comercio-y-logistica,riesgo,C19;C22,A1,A12,,False,True,30,True,30,true,60,,,5,,5,,1,,1,,2,2-3,3,,1,,1,,2,,2,,3,,4,,no_aplica,,no_aplica,
S28-R04,comercio-y-logistica,riesgo,C26;C28,A1;A6,A12,,False,True,48,True,48,true,80,,,4,4-5,5,,1,1-2,2,,3,3-4,4,,1,,2,,3,3-4,4,,4,3-4,4,,3,,3,
S28-R05,comercio-y-logistica,riesgo,C02;C19,A1;A6;A7,A8,,False,True,25,True,15,true,20,,,5,,5,,1,1-3,1,,1,1-2,1,,1,,1,,1,,1,,3,,4,,5,4-5,5,
S28-R06,comercio-y-logistica,riesgo,C19,,,,False,True,15,True,15,true,15,,,5,,5,,1,,1,,1,,1,,1,,1,,1,,1,,3,,3,,2,,2,
S28-R07,comercio-y-logistica,riesgo,C04,A1;A2,A11;A12,A6;A7,True,False,12,True,12,true,32,false,,4,4-5,4,3,1,1-3,2,unknown,1,,1,1,1,1-2,2,unknown,1,,1,1,3,,4,3,unknown,,3,3
S31-R01,energia-y-agua,riesgo,C01;C03;C05;C27,A1;A3;A6,A12;A8,,False,True,32,True,32,true,24,,,2,1-3,2,,3,3-4,3,,4,3-5,4,,4,3-5,4,,4,,4,,4,3-4,3,,4,4-5,5,
S31-R02,energia-y-agua,riesgo,C02;C05;C19,A8,A11;A8,,False,True,45,True,45,true,45,,,5,,5,,1,,1,,1,,1,,1,,1,,3,2-4,3,,3,2-3,3,,2,,2,
S31-R03,energia-y-agua,riesgo,C03;C13;C27,A1;A6;A11,,,False,True,48,True,48,true,32,,,4,,4,,1,,1,,4,3-4,4,,2,1-3,3,,4,3-4,4,,3,,2,,2,,3,
S31-R04,energia-y-agua,riesgo,C06;C19,A1,A6,,False,True,36,True,27,true,48,,,3,3-4,4,,3,3-4,3,,3,2-4,3,,4,,4,,3,3-4,4,,3,,3,,2,2-3,2,
S31-R05,energia-y-agua,riesgo,C05;C13;C35,A2;A6,A2,,False,False,48,False,48,true,36,,,3,,3,,2,2-3,3,,unknown,,unknown,,3,2-4,4,,4,,4,,4,,3,,4,4-5,5,
S31-R06,energia-y-agua,riesgo,C03;C13;C19;C27,,,A6;A7,False,True,45,True,45,true,45,true,80,5,,5,5,1,,1,1,3,3-4,3,4,1,,1,1,2,,2,2,3,2-4,3,4,1,,3,3
S32-R01,energia-y-agua,riesgo,C03;C13;C27,A1;A6,A11;A2,,False,True,60,True,48,true,48,,,3,3-4,3,,4,,4,,4,4-5,4,,2,1-4,4,,4,,4,,4,3-4,4,,5,4-5,4,
S32-R02,energia-y-agua,riesgo,C03;C13;C27,,,,False,True,48,True,36,true,48,,,4,,4,,3,2-3,3,,3,2-4,2,,1,,3,,2,,2,,3,,4,,4,3-4,4,
S32-R03,energia-y-agua,riesgo,C06;C09;C13,A6;A11,A12;A6,A6;A7,False,True,60,True,60,true,60,true,60,3,3-4,3,3,5,4-5,5,5,1,,1,1,5,4-5,5,5,1,,1,1,4,,4,4,3,3-4,4,4
S32-R04,energia-y-agua,riesgo,C09;C19,,,,False,True,48,True,36,true,24,,,4,,4,,3,3-4,3,,3,2-4,3,,1,,3,,2,,2,,3,,2,,4,4-5,3,
S32-R05,energia-y-agua,riesgo,C03;C19;C22,,,,False,True,45,True,45,true,45,,,5,,5,,1,,1,,3,,3,,1,,1,,2,,2,,3,,3,,no_aplica,,2,
S32-R06,energia-y-agua,riesgo,C11;C13,A2;A9,,,False,False,,False,,false,,,,unknown,2-5,unknown,,1,,2,,1,,1,,1,1-2,1,,1,,1,,5,4-5,4,,2,2-3,2,
S33-R01,energia-y-agua,riesgo,C06;C34,A1;A3;A8,A12;A8,,False,True,40,True,30,true,30,,,2,1-3,2,,5,,5,,1,,1,,5,,5,,1,1-2,1,,3,2-4,3,,4,3-5,4,
S33-R02,energia-y-agua,riesgo,C18;C19;C23,A8,A8,,False,True,24,True,24,true,24,,,4,4-5,4,,2,2-3,2,,1,,1,,3,2-3,3,,1,,1,,2,2-3,2,,2,2-3,2,
S33-R03,energia-y-agua,riesgo,C13;C19,A6;A8,A6,,False,True,25,True,25,true,25,,,5,,5,,1,1-2,1,,1,,1,,1,,1,,1,,1,,5,,5,,5,,5,
S33-R04,energia-y-agua,riesgo,C13;C34,A1;A8,A12;A8,,False,True,40,True,32,true,36,,,2,2-3,3,,3,3-4,3,,1,,1,,4,,4,,1,1-2,1,,4,3-4,3,,5,4-5,5,
S33-R05,energia-y-agua,riesgo,C02;C19,,A11;A8,A6,False,True,30,True,20,true,20,true,45,5,,5,5,1,1-2,1,1,1,1-2,1,2,2,1-2,2,3,1,,1,1,3,,4,3,2,,2,3
S33-R06,energia-y-agua,riesgo,C35,A1;A6;A8,A6;A8,,False,True,80,True,80,true,80,,,5,,5,,2,2-4,4,,1,,1,,4,,4,,1,,1,,4,3-4,4,,4,4-5,3,
S34-R01,energia-y-agua,riesgo,C03;C11;C13;C32,A2;A6,A6,,True,False,64,True,64,false,,,,4,,4,,unknown,2-5,unknown,,3,3-4,3,,2,1-2,2,,4,3-4,3,,4,3-4,3,,2,2-3,2,
S34-R02,energia-y-agua,riesgo,C05;C19,,,,False,True,30,True,30,true,30,,,5,,5,,1,1-2,2,,2,2-3,2,,1,,1,,2,1-2,2,,3,,3,,2,,2,
S34-R03,energia-y-agua,riesgo,C09;C19;C32,,,,False,True,36,True,24,true,40,,,4,4-5,5,,3,2-4,4,,1,,1,,3,2-4,4,,1,,1,,2,,2,,3,,3,
S34-R04,energia-y-agua,riesgo,C05;C13;C23,A1;A6,A6,,False,True,45,True,30,true,45,,,5,,5,,3,2-5,3,,1,,1,,1,1-2,2,,2,1-3,2,,2,2-3,3,,3,3-4,4,
S34-R05,energia-y-agua,riesgo,C09;C13;C25,A8;A11,A2;A6,,False,True,60,True,60,true,45,,,3,2-4,3,,5,4-5,5,,1,,1,,4,3-5,5,,1,,1,,4,,3,,4,,4,
S34-R06,energia-y-agua,riesgo,C03;C13;C22,A1;A11,,,False,True,36,True,36,true,60,,,4,,5,,1,,2,,3,3-4,4,,1,,1,,2,2-3,3,,3,3-4,3,,no_aplica,,1,
S02-R01,industria-y-construccion,riesgo,C03;C22;C24,A1;A11,A6,,False,True,48,True,48,true,64,,,3,3-4,4,,2,1-2,2,,4,,4,,1,,1,,3,3-4,4,,4,3-4,4,,no_aplica,,no_aplica,
S02-R02,industria-y-construccion,riesgo,C24,A1;A11,,,False,True,64,True,64,true,64,,,4,,4,,2,2-3,2,,4,,4,,3,2-3,1,,3,3-4,4,,4,,4,,3,,2,
S02-R03,industria-y-construccion,riesgo,C06;C10;C24,A1;A3,,,False,True,80,True,80,true,45,,,4,,3,,5,,5,,3,3-4,4,,5,,5,,3,2-4,4,,4,3-4,3,,4,4-5,4,
S02-R04,industria-y-construccion,riesgo,C02;C19;C22,A8,,,False,True,30,True,30,true,30,,,5,,5,,1,,1,,2,,2,,1,,1,,1,,1,,3,,3,,no_aplica,,no_aplica,
S02-R05,industria-y-construccion,riesgo,C06;C10;C24,A1,A7,,False,True,48,True,48,true,45,,,4,4-5,5,,3,3-4,3,,1,,1,,4,3-5,3,,1,1-2,1,,3,,3,,3,3-4,4,
S02-R06,industria-y-construccion,riesgo,C02;C13;C19,,A8,,False,True,20,True,20,true,20,,,5,,5,,1,1-2,1,,1,,1,,1,,1,,1,,1,,4,,4,,2,2-3,2,
S02-R07,industria-y-construccion,riesgo,C13;C19;C25,A1;A6;A7,A12;A7,A6;A7;A10,False,True,30,True,30,false,,false,,5,,5,5,2,,unknown,unknown,1,,1,1,1,,1,unknown,2,,1,2,3,,3,4,3,3-4,3,3
S05-P01-S01,industria-y-construccion,sub_riesgo,C16,A11,A2,,False,True,48,True,48,true,60,,,4,,5,,2,,2,,4,,4,,2,2-3,3,,4,,4,,3,3-4,3,,2,2-3,2,
S05-P01-S02,industria-y-construccion,sub_riesgo,C16,,A2;A6,,False,True,48,True,48,true,48,,,3,3-4,3,,2,,2,,4,,4,,2,,3,,4,,4,,4,4-5,4,,3,,3,
S05-P01-S03,industria-y-construccion,sub_riesgo,C16;C27,,A2,,False,True,60,True,60,true,80,,,3,2-3,5,,2,,2,,4,,4,,2,2-3,3,,4,,4,,5,4-5,4,,3,,3,
S05-R04,industria-y-construccion,riesgo,,,,,False,True,80,True,80,true,64,,,4,,4,,2,,2,,4,4-5,4,,2,2-3,3,,4,,4,,5,4-5,4,,2,2-3,3,
S05-R05,industria-y-construccion,riesgo,C03;C13,,,,False,True,64,True,64,true,48,,,4,,4,,3,2-3,3,,4,4-5,4,,3,2-3,4,,4,,4,,4,,3,,3,,3,
S05-R06,industria-y-construccion,riesgo,C13;C25;C27,,A7,,False,True,45,True,45,true,30,,,5,,5,,1,1-2,1,,3,2-4,2,,1,,1,,2,2-4,2,,3,3-4,3,,no_aplica,,no_aplica,
S05-R07,industria-y-construccion,riesgo,,A8,A8,,False,True,20,True,20,true,20,,,5,,5,,1,,1,,1,,1,,1,,1,,1,,1,,4,3-4,4,,2,1-2,2,
S05-R08,industria-y-construccion,riesgo,C19,,A11;A2,A6;A7;A10,False,True,40,True,40,true,30,true,24,5,,5,4,2,,2,2,1,,1,1,1,,1,1,2,2-3,2,2,4,,3,3,3,3-4,3,3
S05-R09,industria-y-construccion,riesgo,C11;C13;C18;C19,,A12;A6,,True,False,36,False,36,false,,,,3,3-4,4,,unknown,1-4,2,,unknown,1-5,unknown,,2,2-3,3,,3,3-4,2,,4,,4,,3,,4,
S22-R01,industria-y-construccion,riesgo,,A1;A10;A11,,,False,True,60,True,45,true,60,,,3,3-4,4,,5,4-5,5,,4,,4,,5,,5,,3,3-4,4,,3,3-4,3,,4,4-5,4,
S22-R02,industria-y-construccion,riesgo,C01;C03;C05;C13,A1;A3,A2;A8,A6;A11,False,True,40,True,40,true,16,true,60,2,1-3,2,4,5,4-5,3,4,5,,4,5,4,4-5,4,4,4,4-5,4,4,4,3-4,2,3,3,2-3,3,3
S22-R03,industria-y-construccion,riesgo,,,A11;A7,A6;A10,False,True,36,True,36,true,48,true,45,4,,4,5,2,2-3,2,2,1,,1,2,1,,1,1,3,3-4,3,3,3,3-4,4,3,2,2-3,2,3
S22-R04,industria-y-construccion,riesgo,,,A12,,False,True,45,True,45,false,,,,5,,4,,1,,1,,3,3-4,2,,1,,1,,2,,unknown,,3,3-4,3,,no_aplica,,no_aplica,
S22-R05,industria-y-construccion,riesgo,,,,,False,True,20,True,20,true,20,,,5,,5,,1,,1,,2,2-3,2,,1,,1,,1,,1,,2,2-3,2,,no_aplica,,no_aplica,
S22-R06,industria-y-construccion,riesgo,,A1,A12;A2,,False,True,48,True,32,false,,,,4,3-4,5,,3,3-5,unknown,,1,,1,,4,3-5,3,,1,,1,,2,,4,,3,2-3,2,
S22-R07,industria-y-construccion,riesgo,,,A7,,False,True,48,True,48,true,48,,,3,2-3,3,,4,,4,,1,1-2,1,,4,,4,,1,1-2,1,,4,4-5,4,,4,4-5,4,
S22-R08,industria-y-construccion,riesgo,C05;C22,A1;A11,A11,,False,True,64,True,64,true,48,,,4,4-5,4,,3,2-3,3,,1,,1,,4,3-4,4,,4,,4,,4,3-4,3,,3,,3,
S22-R09,industria-y-construccion,riesgo,C13;C26,A6,,,False,True,12,True,12,true,16,,,3,3-4,4,,2,2-3,2,,1,,1,,1,,1,,2,2-3,2,,2,2-3,2,,2,2-3,3,
S22-E01,industria-y-construccion,escenario,C17;C19,A1;A7,A7,,False,True,40,True,40,true,48,,,2,2-3,3,,4,4-5,4,,1,1-2,1,,4,4-5,4,,4,,3,,5,4-5,4,,4,4-5,4,
S23-R01,industria-y-construccion,riesgo,C11;C13;C18;C26,A1;A2;A6;A11,A11;A6,,True,False,27,False,27,false,,,,3,3-4,3,,unknown,2-5,unknown,,3,2-4,1,,1,,1,,3,2-3,3,,3,3-4,3,,5,4-5,no_aplica,
S23-R02,industria-y-construccion,riesgo,C06;C32,A1;A11,,,False,True,48,True,48,true,60,,,4,4-5,5,,4,4-5,4,,1,,1,,4,,4,,1,,1,,3,2-3,3,,3,2-3,2,
S23-R03,industria-y-construccion,riesgo,C13;C19,A1;A11,,,False,True,48,True,32,true,32,,,4,3-4,4,,4,3-4,4,,1,,1,,3,2-3,3,,1,,1,,2,2-3,2,,3,,3,
S23-R04,industria-y-construccion,riesgo,C13;C32,A1;A6,A5;A6,,False,True,48,True,48,true,80,,,3,3-4,4,,4,4-5,5,,1,,1,,1,1-2,1,,1,,1,,4,4-5,4,,4,4-5,4,
S23-R05,industria-y-construccion,riesgo,C06;C13;C18,A1;A11,,,False,True,80,True,60,true,75,,,4,3-4,5,,5,,5,,3,3-4,4,,5,,5,,4,3-4,4,,3,3-4,3,,4,4-5,4,
S23-R06,industria-y-construccion,riesgo,C03;C19;C22,A1,A5,,False,True,48,True,48,true,80,,,4,4-5,5,,1,,1,,4,3-4,4,,1,,1,,3,3-4,4,,3,3-4,4,,no_aplica,,no_aplica,
S24-R01,industria-y-construccion,riesgo,C03;C06;C18,A1;A5,,,False,True,100,True,80,true,80,,,4,3-5,4,,5,,5,,4,3-5,4,,5,,5,,4,3-4,4,,4,3-4,4,,5,4-5,4,
S24-R02,industria-y-construccion,riesgo,C03;C22,A1,,,False,True,64,True,64,true,64,,,4,4-5,4,,1,1-2,1,,4,3-4,4,,1,,1,,4,3-4,4,,4,3-4,4,,no_aplica,,no_aplica,
S24-R03,industria-y-construccion,riesgo,C06;C19,A1;A3,,A6,False,True,60,True,60,true,48,true,60,4,4-5,4,4,4,,3,4,1,,1,1,5,4-5,4,5,1,,1,1,3,2-3,3,3,3,,3,3
S24-R04,industria-y-construccion,riesgo,C13;C26,A1;A6;A11,A2,,False,True,36,True,27,false,,,,3,2-3,3,,3,3-4,3,,1,1-3,unknown,,1,1-3,unknown,,3,3-4,4,,3,3-4,4,,4,4-5,4,
S24-R05,industria-y-construccion,riesgo,C02;C19,A8,,,False,True,10,True,10,true,20,,,5,,5,,1,,1,,1,,1,,1,1-2,2,,1,,1,,2,2-3,2,,2,1-2,2,
S24-R06,industria-y-construccion,riesgo,C02;C19;C22,A1,,,False,True,20,True,20,true,20,,,5,,5,,1,,1,,2,2-3,2,,1,,1,,1,,1,,2,2-3,2,,no_aplica,,no_aplica,
S25-R01,industria-y-construccion,riesgo,C05;C19;C20;C26,A1,,,False,True,18,True,18,true,18,,,3,3-4,3,,2,,2,,2,1-2,2,,1,,1,,3,,3,,2,2-3,2,,3,2-4,2,
S25-R02,industria-y-construccion,riesgo,C05;C26,A1;A5,,,False,True,48,True,48,true,36,,,3,2-3,3,,4,3-4,3,,4,3-5,4,,4,,4,,4,3-4,4,,4,4-5,3,,3,2-3,3,
S25-R03,industria-y-construccion,riesgo,C02;C13;C19,A11,,,False,True,15,True,15,true,15,,,5,,5,,1,1-2,1,,1,1-2,1,,1,,1,,1,1-3,1,,3,3-4,3,,2,2-3,2,
S25-R04,industria-y-construccion,riesgo,C05,A6;A11,,,False,True,60,True,48,true,45,,,3,3-4,3,,4,4-5,4,,1,1-2,1,,5,4-5,5,,4,,4,,4,3-4,3,,3,,3,
S25-R05,industria-y-construccion,riesgo,C19,A1,A6,,False,True,27,True,27,true,27,,,3,2-3,3,,3,2-3,3,,1,1-2,1,,3,,3,,1,1-2,3,,3,,3,,3,2-3,3,
S25-R06,industria-y-construccion,riesgo,C04;C05;C13,A1;A6,A2,,False,True,48,True,36,true,48,,,3,3-4,4,,3,3-4,3,,1,,1,,4,,4,,2,1-3,1,,4,4-5,4,,3,3-4,3,
S37-R01,industria-y-construccion,riesgo,C03;C06;C08;C09;C11;C18;C24,A1;A11,A6,,False,True,75,True,60,true,80,,,3,2-4,4,,5,,5,,4,3-4,4,,5,,5,,4,3-4,4,,4,4-5,4,,5,,4,
S37-R02,industria-y-construccion,riesgo,C03;C09;C19;C22,A1;A8,A2;A6,,False,True,48,True,48,true,48,,,4,4-5,3,,2,1-3,2,,3,3-4,4,,1,,1,,2,2-3,3,,4,,4,,no_aplica,,no_aplica,
S37-R03,industria-y-construccion,riesgo,C02;C19;C22,A8,A6,A6;A7,False,True,30,True,30,true,30,false,,5,,5,5,1,,1,unknown,2,2-3,2,2,1,,1,1,1,,1,1,3,3-4,3,4,no_aplica,,no_aplica,no_aplica
S37-R04,industria-y-construccion,riesgo,C06;C15;C21,A1;A2,A6;A7,,True,False,60,False,36,true,80,,,3,3-4,4,,unknown,4-5,4,,1,,1,,4,,4,,1,,1,,5,,5,,3,3-4,4,
S37-R05,industria-y-construccion,riesgo,C13;C15;C21,A2;A6,A6;A7,,True,False,15,False,15,true,75,,,3,3-4,3,,unknown,4-5,5,,1,,1,,1,,1,,1,,1,,5,,5,,4,,4,
S37-R06,industria-y-construccion,riesgo,C02;C11;C19,,A6,,False,True,24,True,24,true,24,,,4,4-5,4,,2,1-3,2,,1,,1,,1,,1,,1,,1,,3,,4,,2,1-3,2,
S37-R07,industria-y-construccion,riesgo,C04;C08;C09;C11;C21,A1;A2,A6,,False,False,8,False,8,true,24,,,2,2-3,2,,unknown,2-5,2,,1,,1,,3,3-4,3,,1,1-2,1,,4,4-5,5,,unknown,2-5,4,
S07-R01,mineria,riesgo,C01;C03,A1;A11,A11;A6;A7,A6;A10;A11,False,True,48,True,40,true,45,true,60,4,4-5,3,4,4,,4,4,5,4-5,5,5,4,,4,4,4,,4,4,2,2-3,3,3,3,2-3,2,2
S07-R02,mineria,riesgo,C03;C09,A1;A10;A11,A11;A8,,False,True,48,True,48,true,60,,,4,3-4,5,,1,1-2,2,,4,,4,,2,1-3,2,,4,3-4,4,,3,3-4,3,,2,2-3,2,
S07-R03,mineria,riesgo,C03;C13,A1;A6,A2,,False,True,48,True,48,true,48,,,4,4-5,3,,2,1-2,2,,4,4-5,4,,2,2-3,2,,4,,4,,3,3-4,4,,2,,2,
S07-R04,mineria,riesgo,C01;C03;C05,A1;A3,A11;A7;A8,,False,True,50,True,30,true,60,,,2,1-3,4,,5,,5,,5,,5,,5,,5,,5,4-5,4,,3,3-4,3,,5,,5,
S07-R05,mineria,riesgo,C07;C19,A8;A11,A11,,False,True,30,True,20,true,30,,,5,,5,,2,,2,,1,,1,,3,2-3,3,,1,,1,,2,2-4,2,,1,,3,
S07-R06,mineria,riesgo,C06;C18,A1;A6,A11;A2,,False,True,30,True,30,true,60,,,2,1-3,3,,5,,5,,1,,1,,5,,5,,1,,1,,3,2-3,4,,3,3-4,3,
S07-R07,mineria,riesgo,C07;C09;C19,A8,A11;A8,,False,True,20,True,20,true,30,,,5,,5,,1,,2,,2,2-3,3,,1,,4,,1,,2,,2,1-2,2,,1,,1,
S07-R08,mineria,riesgo,C05;C19,A6,A8,,False,True,60,True,60,true,48,,,5,4-5,4,,2,,2,,1,,1,,1,,3,,3,,3,,4,3-4,4,,4,3-5,4,
S07-E01,mineria,escenario,C01;C17,,A7,,False,True,25,True,20,true,20,,,1,1-2,1,,5,,5,,5,,5,,5,,5,,5,,4,,4,3-4,4,,5,,5,
S08-R01,mineria,riesgo,C03;C24,A11,A11;A4,,False,True,48,True,48,true,64,,,4,,4,,3,2-3,3,,4,4-5,4,,3,3-4,3,,4,,4,,3,3-4,4,,2,,3,
S08-R02,mineria,riesgo,C03;C19;C22,A1,A2;A4,,False,True,64,True,64,true,64,,,4,4-5,4,,2,1-2,2,,4,,4,,1,,1,,4,3-4,4,,4,3-4,4,,no_aplica,,no_aplica,
S08-R03,mineria,riesgo,C06;C19;C24,A1;A6;A11,A11;A4;A7,A6;A7,False,True,48,True,48,true,48,true,75,4,4-5,4,5,3,2-4,3,unknown,4,3-5,4,5,4,2-4,4,unknown,2,2-3,4,4,3,3-4,3,3,3,,3,3
S08-R04,mineria,riesgo,C01;C03;C24,A1;A10,A11,,False,True,80,True,80,true,60,,,4,,4,,4,3-4,4,,5,4-5,5,,4,3-4,4,,4,4-5,4,,4,3-5,3,,2,,4,
S08-R05,mineria,riesgo,C03;C19,,A6,,False,True,64,True,64,true,80,,,4,3-5,5,,3,,3,,4,3-5,4,,3,3-4,3,,3,3-4,4,,4,3-4,4,,4,,4,
S08-R06,mineria,riesgo,C03;C22,,A2;A4,,False,True,48,True,48,true,48,,,3,3-4,3,,2,1-2,2,,4,,4,,1,,1,,4,3-4,4,,4,,4,,no_aplica,,no_aplica,
S08-R07,mineria,riesgo,C03;C19;C22,,A2;A4;A6,,False,True,60,True,60,true,48,,,5,4-5,4,,1,,2,,4,3-4,4,,1,,1,,4,3-4,4,,3,,3,,no_aplica,,no_aplica,
S09-R01,mineria,riesgo,C20;C31,A1;A6,A2;A8,,False,True,30,True,18,true,27,,,2,2-4,3,,3,2-3,2,,1,,1,,1,1-2,3,,2,,2,,3,,3,,5,4-5,5,
S09-R02,mineria,riesgo,C05;C11;C13,A2;A6,A2,,False,False,,False,,true,48,,,unknown,,3,,4,4-5,4,,1,1-2,1,,4,4-5,4,,4,4-5,4,,4,4-5,4,,5,,5,
S09-R03,mineria,riesgo,C19;C31,,A8,,False,True,32,True,24,true,24,,,4,4-5,4,,2,,2,,1,,1,,1,,3,,1,,1,,4,4-5,4,,1,,2,
S09-R04,mineria,riesgo,C03;C19,,,,False,True,24,True,24,true,24,,,4,4-5,4,,2,1-2,2,,3,2-3,3,,2,2-3,2,,2,,2,,2,,2,,2,,2,
S09-R05,mineria,riesgo,C05;C14,A6;A8,A6,,False,True,20,True,20,true,60,,,1,1-2,3,,5,4-5,5,,1,,1,,5,,5,,4,,4,,4,,4,,4,3-4,4,
S09-R06,mineria,riesgo,C03;C13,A6,A2,,False,True,75,True,75,true,64,,,5,4-5,4,,1,,1,,5,,4,,1,,1,,3,2-4,3,,3,3-4,4,,no_aplica,,3,
S09-R07,mineria,riesgo,C19;C31,,A8,,False,True,36,True,36,true,36,,,3,,3,,3,,3,,1,,1,,2,1-3,4,,1,,1,,4,3-4,4,,3,3-4,3,
S10-R01,mineria,riesgo,C03;C09;C11,A1;A6;A9,A2;A4,,False,True,64,True,64,true,64,,,4,3-4,4,,3,2-4,4,,4,3-4,4,,3,2-3,3,,4,3-4,4,,4,,4,,3,2-3,2,
S10-R02,mineria,riesgo,C03;C19,A1;A6;A11,A2;A4,,False,True,48,True,48,true,64,,,3,3-4,4,,4,3-4,4,,4,,4,,4,3-4,4,,4,,4,,4,4-5,4,,3,3-4,3,
S10-R03,mineria,riesgo,C03;C13;C21,A1;A6;A11,A2;A4,A6;A10,False,True,48,True,48,true,64,true,64,4,4-5,4,4,3,3-4,4,4,3,3-4,4,4,4,3-4,4,4,4,3-4,4,4,3,2-3,4,4,3,3-4,3,4
S10-R04,mineria,riesgo,C06;C19;C21,A1;A6;A11,A2,,True,True,80,True,64,true,64,,,4,3-5,4,,4,4-5,4,,1,,1,,4,3-5,4,,1,,1,,5,4-5,5,,3,2-3,2,
S10-R05,mineria,riesgo,C11;C13;C22;C35,A1;A2;A6;A11,A6,,True,False,60,False,60,false,,,,5,,5,,unknown,,unknown,,unknown,,unknown,,1,,1,,3,2-3,3,,4,4-5,5,,no_aplica,,no_aplica,
S10-R06,mineria,riesgo,C02;C13;C19,A1;A6;A8,A7,,False,True,30,True,30,true,30,,,5,,5,,2,1-3,2,,1,,1,,1,,1,,2,2-3,2,,3,,3,,no_aplica,,3,
S10-R07,mineria,riesgo,C03;C13;C19,A1;A6,A2;A4;A8,,False,True,48,True,48,true,64,,,3,3-4,4,,4,3-4,4,,4,3-4,4,,1,,3,,3,3-4,4,,4,,4,,2,,2,
S11-R01,mineria,riesgo,C01;C05;C13,A1;A6;A11,A2,,False,True,36,True,36,true,32,,,3,3-4,4,,4,3-4,4,,2,1-3,2,,4,3-4,4,,4,,4,,3,2-3,2,,3,3-4,3,
S11-R02,mineria,riesgo,C01;C03;C13;C18,A1;A3;A8,,,False,True,40,True,30,true,60,,,2,1-3,3,,5,,5,,5,4-5,5,,5,4-5,5,,4,4-5,4,,3,2-4,4,,4,3-4,3,
S11-R03,mineria,riesgo,C03;C07;C22,A1;A11,,,False,True,24,True,24,true,24,,,3,2-3,3,,1,,1,,4,3-4,3,,1,1-2,2,,3,3-4,4,,2,1-2,2,,1,,1,
S11-R04,mineria,riesgo,C03;C07;C09;C19,A1;A11,A8,,False,True,40,True,40,true,80,,,5,,5,,1,1-2,1,,4,,4,,1,1-2,3,,3,3-4,4,,2,,4,,1,1-2,1,
S11-R05,mineria,riesgo,C05;C13;C18,A1;A6;A7,A11,,False,True,48,True,36,true,48,,,3,3-4,3,,4,3-5,4,,2,1-2,1,,4,,4,,4,,4,,3,3-4,4,,4,3-4,4,
S11-R06,mineria,riesgo,C13;C18;C19,A6;A9,A6,,False,True,16,True,16,true,32,,,4,,4,,1,1-3,1,,1,,1,,1,,2,,1,,1,,4,,4,,4,4-5,4,
S11-R07,mineria,riesgo,C05;C18;C22,A1;A6,A8,,False,True,45,True,45,true,30,,,5,4-5,5,,1,1-2,1,,1,,1,,1,,1,,3,2-3,3,,3,2-3,2,,no_aplica,,no_aplica,
S12-R01,mineria,riesgo,C11;C13;C20;C29,A1;A2;A6;A9;A10,A11;A6,A6;A10,True,False,60,False,36,true,36,true,36,3,2-4,3,3,unknown,,4,4,1,,1,1,4,4-5,4,4,1,,1,2,3,,3,3,5,4-5,3,3
S12-R02,mineria,riesgo,C03;C19;C20,A1;A6,A2;A6,,True,False,36,False,36,true,36,,,3,1-3,4,,unknown,,2,,3,2-3,3,,2,2-4,2,,3,2-3,3,,4,3-4,3,,2,2-3,2,
S12-R03,mineria,riesgo,C04;C19,A1;A6,A2;A6,,False,True,80,True,60,true,75,,,4,4-5,5,,unknown,,4,,3,3-4,4,,5,,5,,2,2-3,4,,3,3-4,3,,4,4-5,3,
S12-R04,mineria,riesgo,C04;C11;C13;C29,A1;A2;A6,A11;A2;A4;A6,,False,True,60,True,45,true,45,,,3,2-4,3,,unknown,,5,,1,,1,,5,,5,,1,,1,,3,,3,,4,3-5,3,
S12-R05,mineria,riesgo,C05;C11;C13;C29,A1;A6;A10;A11,A11;A2;A6,A6;A10,True,False,60,False,36,true,48,false,,3,3-4,4,4,unknown,,3,unknown,1,,1,1,4,3-5,4,unknown,4,3-4,4,4,3,2-3,3,4,5,4-5,4,4
S12-R06,mineria,riesgo,C19;C20,A1;A11,A11;A4;A6,,False,True,40,True,30,true,45,,,2,1-3,3,,unknown,,4,,1,,1,,5,,5,,1,,1,,3,,3,,4,3-4,5,
S14-R01,servicios-a-personas,riesgo,C09;C19;C23,A1;A6,A2;A3;A5,A6,False,True,64,True,64,true,48,true,36,4,3-4,3,3,2,2-3,2,2,3,3-4,3,3,3,2-3,3,3,4,3-4,4,4,4,3-4,4,3,2,2-3,2,3
S14-R02,servicios-a-personas,riesgo,C03;C22;C23;C28,A1;A11,A3,,False,True,48,True,48,true,48,,,3,3-4,3,,3,2-3,3,,4,,4,,1,,1,,4,,4,,4,3-4,4,,no_aplica,,5,
S14-R03,servicios-a-personas,riesgo,C03;C10;C18;C28,A1;A3,A3,,False,True,60,True,45,true,45,,,3,3-4,3,,5,,5,,4,4-5,5,,4,4-5,4,,4,,4,,3,3-4,3,,4,3-4,4,
S14-R04,servicios-a-personas,riesgo,C13;C19,A1;A11,A11;A3;A6,,False,True,40,True,36,true,60,,,4,4-5,5,,2,2-3,2,,3,3-4,3,,1,,1,,3,3-4,3,,3,2-3,4,,5,4-5,5,
S14-R05,servicios-a-personas,riesgo,C04,A1,A11;A6;A7,,False,True,24,True,24,true,45,,,3,2-4,3,,2,,2,,1,,1,,2,1-2,3,,2,2-3,3,,4,4-5,5,,3,3-4,3,
S14-R06,servicios-a-personas,riesgo,C02;C19;C22;C28,,A8,,False,True,45,True,45,true,30,,,5,,5,,1,,1,,3,3-4,2,,1,,1,,2,,1,,3,2-3,3,,no_aplica,,no_aplica,
S14-R07,servicios-a-personas,riesgo,C04;C13,,A7,,False,True,36,True,36,true,36,,,3,3-4,3,,3,2-3,3,,1,,1,,1,1-2,1,,3,,3,,4,,4,,3,3-4,3,
S26-R01,servicios-a-personas,riesgo,,A3;A10;A11,A6,,False,True,75,True,75,true,75,,,5,,5,,4,3-5,5,,5,4-5,5,,1,,1,,4,,4,,3,2-3,3,,3,3-5,3,
S26-R02,servicios-a-personas,riesgo,C20,,A11;A6;A7,,False,True,24,True,24,true,32,,,3,3-4,4,,3,2-3,3,,4,,4,,3,3-4,3,,3,,3,,2,,2,,2,2-3,3,
S26-R03,servicios-a-personas,riesgo,C20;C22,,A6,,False,True,30,True,30,true,45,,,5,4-5,5,,1,1-3,1,,3,3-4,3,,1,,1,,3,2-4,2,,2,2-3,3,,no_aplica,,no_aplica,
S26-R04,servicios-a-personas,riesgo,C01;C13;C24,,A3;A6,,False,True,48,True,40,true,30,,,4,,3,,4,3-5,4,,5,4-5,5,,1,1-2,1,,4,,4,,2,1-2,2,,3,,3,
S26-R05,servicios-a-personas,riesgo,C04;C11,,A11;A6,,True,False,48,True,48,true,36,,,4,3-4,3,,3,2-3,3,,2,2-3,2,,2,2-3,4,,3,,3,,4,3-4,4,,unknown,2-5,3,
S26-R06,servicios-a-personas,riesgo,C20;C28,,A3;A6;A8,,False,True,36,True,36,true,16,,,3,2-4,2,,4,3-4,4,,4,3-4,4,,4,,4,,4,,4,,3,,2,,3,3-4,3,
S26-R07,servicios-a-personas,riesgo,C05;C15,,A2;A6;A7,,False,True,48,True,36,true,48,,,3,1-3,3,,4,3-4,4,,2,2-3,2,,4,4-5,4,,4,,4,,3,,4,,4,3-4,5,
S35-R01,servicios-a-personas,riesgo,C09;C23,,A5,,False,True,64,True,64,true,80,,,4,4-5,4,,3,3-4,3,,3,3-4,3,,3,,3,,4,3-4,4,,4,,5,,4,4-5,4,
S35-R02,servicios-a-personas,riesgo,C18;C23;C27;C28,,A11;A8,,False,True,60,True,60,true,60,,,3,3-4,3,,5,4-5,5,,3,3-4,3,,3,2-3,3,,4,3-4,4,,4,2-4,4,,3,2-3,3,
S35-R03,servicios-a-personas,riesgo,C02;C19;C22;C27,,A6,,False,True,60,True,60,true,40,,,5,,5,,2,2-3,1,,3,3-4,2,,1,,1,,2,2-4,2,,4,,4,,no_aplica,,no_aplica,
S35-R04,servicios-a-personas,riesgo,C27,,,,False,True,32,True,32,true,32,,,4,,4,,4,3-4,4,,3,2-4,3,,3,2-3,3,,2,,2,,2,2-3,2,,2,,3,
S35-R05,servicios-a-personas,riesgo,C13;C27;C28,,A8,,False,True,100,True,60,true,60,,,4,4-5,4,,5,4-5,5,,4,3-5,4,,1,1-2,1,,4,4-5,4,,3,,3,,5,4-5,5,
S35-R06,servicios-a-personas,riesgo,C02;C19;C23,A6;A8,A10,,False,True,20,True,20,true,30,,,5,,5,,2,1-3,2,,1,,1,,1,,1,,1,1-2,1,,2,2-3,3,,2,,3,
S36-R01,servicios-a-personas,riesgo,C13;C22;C28,,A6,,False,True,48,True,48,true,48,,,4,3-4,4,,2,,3,,3,3-5,3,,1,,1,,3,3-4,3,,4,3-4,4,,no_aplica,,2,
S36-R02,servicios-a-personas,riesgo,C19,,A12;A6;A8,,False,True,30,True,30,true,15,,,5,,5,,1,,1,,3,3-4,1,,1,,1,,2,,1,,2,2-3,3,,no_aplica,,no_aplica,
S36-R03,servicios-a-personas,riesgo,C28,,A4;A6,A6,False,True,64,True,48,true,60,true,60,4,3-4,4,4,3,,5,unknown,4,4-5,5,5,4,3-5,4,5,4,,4,4,3,2-4,3,3,4,3-4,3,3
S36-R04,servicios-a-personas,riesgo,C13;C22;C28,,A12;A6,A6;A7,False,True,24,True,24,true,36,true,48,4,,4,4,1,,3,2,3,3-4,3,4,1,,1,1,3,3-4,3,4,2,,3,3,no_aplica,,no_aplica,no_aplica
S36-R05,servicios-a-personas,riesgo,C04;C19;C22,,A6,,False,True,48,True,48,true,48,,,4,4-5,4,,1,,2,,1,1-2,1,,1,,1,,3,,3,,4,,4,,no_aplica,,no_aplica,
S36-R06,servicios-a-personas,riesgo,C13;C19,,A5;A6,,False,True,36,True,36,true,64,,,4,,4,,1,,2,,3,2-3,3,,1,,1,,2,2-3,4,,3,2-3,4,,2,,4,
S36-R07,servicios-a-personas,riesgo,C11;C15;C17;C28,A2;A6,A2;A4;A6,,False,False,,False,,true,60,,,unknown,1-4,3,,5,,5,,4,3-5,unknown,,5,,5,,4,4-5,4,,3,,4,,4,,3,
S04-R01,tecnologia-y-pagos,riesgo,C32,A1;A6,A2;A7,,False,True,40,True,32,true,32,,,4,,4,,2,2-3,2,,1,,1,,1,1-3,1,,1,1-2,1,,4,3-4,4,,5,4-5,5,
S04-R02,tecnologia-y-pagos,riesgo,C08,A1;A6;A11,A11;A2;A7,,False,True,48,True,48,true,32,,,3,2-4,2,,4,3-5,4,,1,,1,,4,3-5,4,,3,,3,,4,,4,,4,3-5,3,
S04-R03,tecnologia-y-pagos,riesgo,C22,A1;A2;A9,A2,A6,True,False,48,False,48,true,48,false,,4,3-4,4,4,unknown,2-5,2,unknown,1,,1,1,1,,1,1,3,,3,3,4,3-4,4,4,no_aplica,,no_aplica,no_aplica
S04-R04,tecnologia-y-pagos,riesgo,C13,A1;A11,A7,,False,True,27,True,27,true,36,,,3,3-4,3,,3,2-4,3,,1,,1,,1,,1,,3,,3,,3,3-4,4,,3,2-4,3,
S04-R05,tecnologia-y-pagos,riesgo,,A1;A6,A11,A6;A7,False,True,48,True,48,true,36,true,36,3,2-3,3,3,4,3-4,3,4,1,,1,1,4,3-5,4,4,2,,2,2,4,,3,3,4,3-4,4,3
S04-R06,tecnologia-y-pagos,riesgo,,A1;A10,A11;A7,,False,True,36,True,36,true,36,,,3,3-4,3,,3,3-5,3,,1,,1,,2,2-3,2,,3,,3,,4,,4,,3,3-4,3,
S04-R07,tecnologia-y-pagos,riesgo,C02;C19,A6;A7;A8,A11;A6;A7,,False,True,25,True,25,true,15,,,5,,5,,1,1-2,1,,1,,1,,1,,1,,1,1-2,1,,5,3-5,3,,no_aplica,,no_aplica,
S29-P01-S01,tecnologia-y-pagos,sub_riesgo,C13,A1;A11,A11;A2,,False,True,36,True,36,true,16,,,4,3-4,4,,1,1-2,1,,1,,1,,1,1-2,1,,3,2-3,2,,3,3-4,2,,5,4-5,3,
S29-P01-S02,tecnologia-y-pagos,sub_riesgo,C07,A1;A11,A2,,False,True,16,True,16,true,6,,,2,1-3,1,,3,2-3,3,,1,,1,,4,3-4,4,,3,3-4,3,,2,2-3,2,,2,1-3,1,
S29-P01-S03,tecnologia-y-pagos,sub_riesgo,C20,A1;A8,A2,,False,True,30,True,30,true,10,,,5,3-5,5,,1,,1,,1,,1,,1,,1,,3,2-3,2,,2,1-2,1,,1,,1,
S29-R04,tecnologia-y-pagos,riesgo,C04;C20;C22,A1;A11,A2,,False,True,16,True,16,true,8,,,2,1-3,1,,4,4-5,4,,1,,1,,1,,1,,4,3-4,3,,2,1-2,2,,no_aplica,,no_aplica,
S29-R05,tecnologia-y-pagos,riesgo,C10;C20,A1;A9,A2,,False,True,27,True,27,true,24,,,3,2-3,4,,2,1-2,2,,1,,1,,1,,1,,3,2-3,2,,3,2-3,3,,3,3-4,3,
S29-R06,tecnologia-y-pagos,riesgo,C02;C05;C19;C22,A1;A8,A6,A6,False,True,60,True,60,true,45,true,45,5,4-5,5,5,1,1-2,1,1,1,,1,1,1,,1,1,3,3-4,3,3,4,3-4,3,3,no_aplica,,no_aplica,no_aplica
S29-R07,tecnologia-y-pagos,riesgo,C13;C18,A1;A6,A11;A2,,False,True,36,True,36,true,36,,,3,2-4,3,,1,1-2,2,,1,,1,,2,1-3,1,,3,,3,,4,,4,,3,,3,
S30-P01-S01,tecnologia-y-pagos,sub_riesgo,C01,A1,A2;A6,,False,True,18,True,12,true,18,,,2,1-3,3,,3,2-4,2,,1,,1,,1,1-2,1,,2,1-2,1,,2,2-3,3,,3,2-3,3,
S30-P01-S02,tecnologia-y-pagos,sub_riesgo,C12,A1;A11,A11;A6,,False,True,6,True,6,true,16,,,3,3-4,4,,1,1-3,2,,1,,1,,1,,3,,1,1-2,1,,2,2-3,2,,1,1-2,1,
S30-P01-S03,tecnologia-y-pagos,sub_riesgo,,A1,A11;A8,,False,True,12,True,12,true,12,,,3,2-4,3,,2,1-3,2,,2,1-2,1,,1,,1,,1,1-2,1,,2,2-3,2,,1,1-2,3,
S30-R04,tecnologia-y-pagos,riesgo,C19,A1,A6,,False,True,16,True,16,true,24,,,4,3-5,4,,2,2-3,2,,1,,1,,1,1-2,1,,1,,1,,2,2-3,3,,2,2-3,3,
S30-R05,tecnologia-y-pagos,riesgo,C34,A1;A3,A11,,False,True,60,True,45,true,20,,,3,2-4,2,,5,,5,,3,2-4,2,,4,4-5,5,,4,3-4,4,,3,2-4,2,,4,4-5,4,
S30-R06,tecnologia-y-pagos,riesgo,C19;C32,A1;A6,A8,,False,True,24,True,24,true,18,,,4,2-4,3,,1,1-3,2,,1,,1,,1,,1,,2,2-3,2,,3,2-4,3,,no_aplica,,no_aplica,
S30-R07,tecnologia-y-pagos,riesgo,C13;C18,A1;A6,A11,,False,True,40,True,32,true,32,,,4,3-5,4,,2,2-3,2,,1,,1,,1,1-2,1,,1,1-2,1,,4,4-5,4,,5,4-5,5,
S30-R08,tecnologia-y-pagos,riesgo,C19,A1,A2,,False,True,36,True,27,true,24,,,3,3-4,2,,2,2-3,3,,1,1-2,1,,3,3-4,3,,1,,1,,4,3-4,4,,3,3-4,3,
