riesgo_frecuente,riesgo_grave,criterio,frase_intencion,orden_agente,a8_en_agente,orden_emiliano,a8_en_emiliano
S06-R02,S06-R04,explícito,A8 si queda arriba de R04 por P alta,<,False,,
S15-R05,S15-R04,explícito,A8 si queda arriba de R04,<,False,,
S18-R02,S18-R01,I-pers ≥ 4 en la ficha del agente,A8 si queda por encima de riesgos con Personas 4,<,False,,
S18-R02,S18-R03,I-pers ≥ 4 en la ficha del agente,A8 si queda por encima de riesgos con Personas 4,<,False,,
S03-R01,S03-R05,explícito,A8 si queda por encima de R05,<,False,,
S03-R07,S03-R05,explícito,A8 si queda arriba de R05 por P,<,False,,
S27-R02,S27-R06,explícito,A8 si queda arriba de R06,>,True,,
S31-R02,S31-R01,explícito (descontrol = R01),A8 posible (un riesgo corriente queda arriba del descontrol),>,True,,
S02-R04,S02-R03,explícito,A8 si queda por encima de R03 o R05,<,False,,
S02-R04,S02-R05,explícito,A8 si queda por encima de R03 o R05,<,False,,
S05-R07,S05-P01-S01,I-pers ≥ 4 en la ficha del agente,A8 si queda por encima de riesgos de personas,<,False,,
S05-R07,S05-P01-S02,I-pers ≥ 4 en la ficha del agente,A8 si queda por encima de riesgos de personas,<,False,,
S05-R07,S05-P01-S03,I-pers ≥ 4 en la ficha del agente,A8 si queda por encima de riesgos de personas,<,False,,
S05-R07,S05-R04,I-pers ≥ 4 en la ficha del agente,A8 si queda por encima de riesgos de personas,<,False,,
S05-R07,S05-R05,I-pers ≥ 4 en la ficha del agente,A8 si queda por encima de riesgos de personas,<,False,,
S24-R05,S24-R03,explícito,"A8 si queda por encima de R03 o R04), C19, §3",<,False,,
S24-R05,S24-R04,explícito,"A8 si queda por encima de R03 o R04), C19, §3",n/e,False,,
S07-R05,S07-R01,con bandera en la ficha del agente,A8 posible si queda por encima de riesgos graves por P 5,<,False,,
S07-R05,S07-R02,con bandera en la ficha del agente,A8 posible si queda por encima de riesgos graves por P 5,<,False,,
S07-R05,S07-R03,con bandera en la ficha del agente,A8 posible si queda por encima de riesgos graves por P 5,<,False,,
S07-R05,S07-R04,con bandera en la ficha del agente,A8 posible si queda por encima de riesgos graves por P 5,<,False,,
S07-R05,S07-R06,con bandera en la ficha del agente,A8 posible si queda por encima de riesgos graves por P 5,<,False,,
S10-R06,S10-R01,I-pers ≥ 4 en la ficha del agente,A8 si el producto (5 × 2 × 3 = 30) queda por encima de riesgos de seguridad,<,False,,
S10-R06,S10-R02,I-pers ≥ 4 en la ficha del agente,A8 si el producto (5 × 2 × 3 = 30) queda por encima de riesgos de seguridad,<,False,,
S10-R06,S10-R03,I-pers ≥ 4 en la ficha del agente,A8 si el producto (5 × 2 × 3 = 30) queda por encima de riesgos de seguridad,<,False,,
S10-R06,S10-R07,I-pers ≥ 4 en la ficha del agente,A8 si el producto (5 × 2 × 3 = 30) queda por encima de riesgos de seguridad,<,False,,
