risk_id,empresa,familia,tipo_objeto,riesgo_padre_id
S01-R01,S01,Agro y alimentos,riesgo,
S01-R02,S01,Agro y alimentos,riesgo,
S02-R07,S02,Industria y construcción,riesgo,
S04-R03,S04,Tecnología y pagos,riesgo,
S04-R05,S04,Tecnología y pagos,riesgo,
S05-R08,S05,Industria y construcción,riesgo,
S07-R01,S07,Minería,riesgo,
S08-R03,S08,Minería,riesgo,
S10-R03,S10,Minería,riesgo,
S12-R01,S12,Minería,riesgo,
S12-R05,S12,Minería,riesgo,
S13-R04,S13,Comercio y logística,riesgo,
S13-R05,S13,Comercio y logística,riesgo,
S14-R01,S14,Servicios a personas,riesgo,
S15-R04,S15,Agro y alimentos,riesgo,
S18-R03,S18,Agro y alimentos,riesgo,
S19-R06,S19,Agro y alimentos,riesgo,
S20-R06,S20,Agro y alimentos,riesgo,
S21-R01,S21,Agro y alimentos,riesgo,
S22-R02,S22,Industria y construcción,riesgo,
S22-R03,S22,Industria y construcción,riesgo,
S24-R03,S24,Industria y construcción,riesgo,
S28-R07,S28,Comercio y logística,riesgo,
S29-R06,S29,Tecnología y pagos,riesgo,
S31-R06,S31,Energía y agua,riesgo,
S32-R03,S32,Energía y agua,riesgo,
S33-R05,S33,Energía y agua,riesgo,
S36-R03,S36,Servicios a personas,riesgo,
S36-R04,S36,Servicios a personas,riesgo,
S37-R03,S37,Industria y construcción,riesgo,
