anomalia_id,fase,version_metodologia,codigo,factor,riesgos_involucrados,descripcion,dato_vs_metodologia,estado,decision,regla_resultante,version_que_la_incorpora
AN-8-agro-y-alimentos-0001,8,metodologia v0.2,A2,p,S01-R01,"El punto caliente de TS-2 (78 °C) admite dos lecturas: precursor (desvío de temperatura, ancla 3 sin efecto si hay antecedente) o condición causal de degradación (+1, §3.4.2). Se aplicó la segunda por ser un estado sostenido sin corregir; la primera daría P 3.",metodologia,abierta,,,
AN-8-agro-y-alimentos-0002,8,metodologia v0.2,A11,v_rec,S01-R01,"El stock en botella de líneas de crianza (5 meses) puede leerse como recuperación (stock de seguridad, §2.2.4) o como contención según F5-2 (las ventas de crianza no llegan a detenerse durante 5 meses). Se cargó en recuperación porque la función crianza sí se detiene.",metodologia,abierta,,,
AN-8-agro-y-alimentos-0003,8,metodologia v0.2,A2,p,S01-R02,"""Al menos una vez por año en los últimos tres años"" (§3.3 ancla 5): con ventana móvil desde la fecha de evaluación hay 2 eventos (ancla 4); con los ejercicios calendario 2023-2025 hay 3 (ancla 5). Se usó la ventana móvil; el +1 por personal nuevo lleva igual a 5.",metodologia,abierta,,,
AN-8-agro-y-alimentos-0004,8,metodologia v0.2,A2,p,S01-R03,"El golpe de un autoelevador a la válvula inferior (2024-07) con pérdida de 2.500 l se tomó como ""rotura o fisura del tanque"". Si no cuenta, el último antecedente es de hace 48 meses y P baja a 3.",dato,abierta,,,
AN-8-agro-y-alimentos-0005,8,metodologia v0.2,A6,p,S01-R04,"El evento ""falla que detiene la línea"" incluye paradas de menos de un día (20 por año) y de semanas (PLC). P y el escenario plausible de I se fijaron sobre paradas de más de un día; la ficha no define el umbral del evento.",dato,abierta,,,
AN-8-agro-y-alimentos-0006,8,metodologia v0.2,A11,v_cont,S01-R04,"El stock de producto terminado se cargó como contención por F5-2 (el despacho no llega a detenerse); también es ""stock de seguridad"" listado en §2.2.4 y podría leerse como recuperación del embotellado, que sí se detiene.",metodologia,abierta,,,
AN-8-agro-y-alimentos-0007,8,metodologia v0.2,A2,p,S01-R06,"Un pronóstico estacional de lluvias por encima del promedio no es claramente una ""condición causal presente"" de §3.4.2; aplicarlo daría P 5. Se registró como rango.",metodologia,abierta,,,
AN-8-agro-y-alimentos-0008,8,metodologia v0.2,A11,i_econ,S01-R06,"Comprar uva de reemplazo a precio de mercado puede ser la ""reposición normal"" de §2.4 (el I económico es el sobrecosto) o una medida de recuperación (V). Se tomó como reposición normal; como V, el I bruto sería el margen de la venta perdida y podría subir a 3.",metodologia,abierta,,,
AN-8-agro-y-alimentos-0009,8,metodologia v0.2,A2,p,S01-R07,"El mareo de 2024-03 fue ""al asomarse por la boca inferior"": no es claro si cumple ""expuesto dentro del tanque"". Si no cuenta, el antecedente es 2021 (ancla 3) y con el +1 P sería 4.",dato,abierta,,,
AN-8-agro-y-alimentos-0010,8,metodologia v0.2,A6,i_econ,S06-R02,"El evento ""corte de la red"" abarca cortes de horas (todos los registrados) y cortes de varios días; P se fija con los cortes frecuentes y el I plausible con su duración, de modo que la cola de un corte largo en temporada (fruta por varias veces el RO) sólo queda en el techo, acotado además por el rango de tres niveles.",metodologia,abierta,,,
AN-8-agro-y-alimentos-0011,8,metodologia v0.2,A2,p,S06-R04,El precursor (chispazo de 2025-09) fija el ancla 3 y la falta de revisión eléctrica desde 2019 es a la vez su causa y una condición peor que la de los comparables (aseguradora): §3.4 no dice si se ajusta contra el precursor o contra los comparables. No se ajustó; con +1 P sería 4.,metodologia,abierta,,,
AN-8-agro-y-alimentos-0012,8,metodologia v0.2,A6,i_econ,S06-R05,"Para la pérdida de un cliente, la ""consecuencia completa"" (§4.1.5) sin recuperación no tiene fin natural; se tomó una temporada de facturación del cliente. Con más de una temporada sigue en 5.",metodologia,abierta,,,
AN-8-agro-y-alimentos-0013,8,metodologia v0.2,A2,i_econ,S06-R06,"El nivel económico depende de si la víctima es un trabajador propio (cubierto por el seguro obligatorio, sólo multa) o de un cliente (reclamo civil); la ficha no da la proporción. Valor plausible 3 con rango 2-4.",dato,abierta,,,
AN-8-agro-y-alimentos-0014,8,metodologia v0.2,A2,p,S15-R01,"La base de la aseguradora mide siniestros >10% por finca, mientras el evento es ""caída de granizo"" (cualquier daño) sobre dos fincas. Se ajustó la frecuencia a dos fincas (17%, ancla 3); por finca sería 9% (ancla 2) y la historia propia da 4. §3.2 no dice cómo llevar una frecuencia por unidad de exposición a la organización.",metodologia,abierta,,,
AN-8-agro-y-alimentos-0015,8,metodologia v0.2,A6,i_cont,S15-R01;S15-R02;S15-R03;S15-R06,"Para la producción primaria, una pérdida de parte de la cosecha reduce lo que entrega la función ""producción de uva"" sin detenerla. Se leyó como pérdida de producto (Económico) y no como degradación de la función (Continuidad), siguiendo la ficha (""no se interrumpe ninguna función""). Con la otra lectura (degradación menor a la mitad durante una temporada) I-continuidad sería 4.",metodologia,abierta,,,
AN-8-agro-y-alimentos-0016,8,metodologia v0.2,A11,v_cont,S15-R02,"Los molinos antiheladas actúan antes de que el aire en los brotes baje de −1,5 °C, es decir, impiden el evento iniciador en 45 ha (P por el test de §2.2.3), pero no en el resto de las fincas, donde el evento ocurre igual. Se cargaron en contención (limitan cuánta superficie se daña).",metodologia,abierta,,,
AN-8-agro-y-alimentos-0017,8,metodologia v0.2,A8,ranking,S15-R05,"Un evento frecuente y leve (cortes, P 5) queda con un índice parecido al de riesgos con pérdidas cercanas al RO; la recurrencia por encima de P 5 no se representa (§15, punto abierto F5-5).",metodologia,abierta,,,
AN-8-agro-y-alimentos-0018,8,metodologia v0.2,A2,p,S15-R06,"Capturas en fincas vecinas pueden leerse como antecedente en comparables (ancla 3), como precursor (ancla 3) o como cambio de exposición (+1). Se usó ancla 3 sin ajuste; con +1 sería 4.",metodologia,abierta,,,
AN-8-agro-y-alimentos-0019,8,metodologia v0.2,A6,i_econ,S16-R01;S16-R02;S16-R03;S16-R04;S16-R05;S16-R06,"El RO de la cooperativa es negativo en 2023-2025 por diseño (el precio final de la uva deja el resultado en cero), así que no aplican las magnitudes 1 y 2 de §4.2. Por la regla 3 se usó el resultado antes de liquidar la uva (USD 9,68 M = margen de contribución antes de liquidar 12,82 M − fijos 3,14 M), que es lo que la pérdida reduce en la liquidación a los socios. Alternativas: fondo de reserva USD 1,35 M (sube 1-2 niveles todos los I económicos) o patrimonio neto USD 10,8 M.",metodologia,abierta,,,
AN-8-agro-y-alimentos-0020,8,metodologia v0.2,A2,p,S16-R01,"El único registro propio del evento son 3 vendimias de análisis sobre 15-20% de las piletas: no cumple ""historia propia representativa"" (§3.2), pero el antecedente cumple el ancla 4 de §3.3. No hay regla para corregir la frecuencia por muestreo; se registró máximo 5.",metodologia,abierta,,,
AN-8-agro-y-alimentos-0021,8,metodologia v0.2,A2,v_cont,S16-R04,"El reclamo del socio en 30 días es un mecanismo formal de la cooperativa, pero la detección la hace un tercero (el socio). La rúbrica de §5.3 pone ""detección por terceros"" en 4; leído como medida formal que actuó sería 3.",metodologia,abierta,,,
AN-8-agro-y-alimentos-0022,8,metodologia v0.2,A11,v_cont,S17-R01;S17-R06,"La ficha pone las otras calderas y el evaporador secundario en recuperación, pero F5-2 manda tratar como contención la redundancia que evita que la función se detenga. Se cargaron en contención; en recuperación habrían bajado v_rec y no v_cont.",metodologia,abierta,,,
AN-8-agro-y-alimentos-0023,8,metodologia v0.2,A2,i_econ,S17-R03,"Un dato auxiliar desconocido (texto de la cláusula de indemnización) deja el rango económico entre 2 y 5 sin base para preferir un nivel: por §9.2 es unknown y por §9.3 el riesgo queda no evaluable, aunque las demás dimensiones estén fijadas.",dato,abierta,,,
AN-8-agro-y-alimentos-0024,8,metodologia v0.2,A6,i_cont,S17-R04,"La suspensión del permiso de vuelco depende de una decisión discrecional de la autoridad (""habilita""): se tomó el escenario sin suspensión como plausible y la suspensión como máximo. Con la suspensión como plausible, i_cont y i_econ subirían a 3-4 y legal a 4.",dato,abierta,,,
AN-8-agro-y-alimentos-0025,8,metodologia v0.2,A8,ranking,S18-R02,"Unos 220 cortes por año, con una amputación en 8 años, quedan con un índice bajo porque el escenario plausible es la lesión típica y P satura en 5: la recurrencia por encima de P 5 no se ve (punto abierto F5-5).",metodologia,abierta,,,
AN-8-agro-y-alimentos-0026,8,metodologia v0.2,A2,p,S18-R03,"La ficha llama precursor a la pérdida de menos de 1 kg por una empaquetadura (2026-06), pero el evento definido es ""pérdida de contención de amoníaco"": leída literalmente es un antecedente dentro de 36 meses (ancla 4, y 5 con el +1). Se tomó como precursor por su tamaño; el valor plausible es 4 en las dos lecturas sólo por el ajuste.",dato,abierta,,,
AN-8-agro-y-alimentos-0027,8,metodologia v0.2,A8,p,S18-R04,"La regla de jerarquía (§3.2) hace que la estadística del mercado A (3,4% anual, ancla 1) prevalezca sobre el estado propio: un rechazo ya registrado en la ventana que suspende con el segundo y dos no conformidades mayores abiertas. El ajuste ±1 sólo lleva P a 2, aunque profesionalmente la suspensión en 12 meses parece bastante más probable.",metodologia,abierta,,,
AN-8-agro-y-alimentos-0028,8,metodologia v0.2,A6,p,S18-R05,"El evento ""pierde capacidad de frío"" incluye los cortes de menos de 1 h (6-10 por año, ancla 5) y las pérdidas relevantes (2 en 36 meses, ancla 4). Se fijó P con las relevantes más +1 y el I plausible con ellas; con los cortes cortos P sería 5 sin ajuste y el escenario plausible casi sin daño.",metodologia,abierta,,,
AN-8-agro-y-alimentos-0029,8,metodologia v0.2,A2,p,S18-R06,"Para un evento de nivel país (foco confirmado), no está claro qué son ""organizaciones comparables"" y ""sector"" (otras plantas del país, países vecinos), ni si una sospecha descartada es precursor. Se usó ancla 2 por focos en países vecinos en 10 años.",metodologia,abierta,,,
AN-8-agro-y-alimentos-0030,8,metodologia v0.2,A6,i_cont,S18-R07,"La clausura del vuelco es una decisión discrecional de la autoridad (""habilita""); se tomó como máximo y no como escenario plausible, igual que en otras fichas con suspensión de permiso. No está claro si las 3 muestras de 2025 cuentan como 3 infracciones (con lo que la próxima ya habilitaría la clausura).",dato,abierta,,,
AN-8-agro-y-alimentos-0031,8,metodologia v0.2,A2,p,S19-R02,"El evento incluye ""falla que obliga a sacar de servicio P1 o P2"": la falla del controlador de 2025-02 (1 día fuera) cuenta literalmente como antecedente (ancla 4, con +1 → 5). Si sólo contaran las perforaciones, el último antecedente es 2023-07 (39 meses, ancla 3) y con +1 sería 4.",dato,abierta,,,
AN-8-agro-y-alimentos-0032,8,metodologia v0.2,A6,i_legal,S19-R02,"La ficha dice que no hay consumidores expuestos porque la fosfatasa detecta el pasaje, pero en el escenario bruto (D19) la fosfatasa y la válvula de desvío no actúan y la leche cruda llega al producto despachado (retiro obligatorio, legal 3). Se tomó el bruto literal; con la lectura de la ficha legal sería 2 y personas 1 sin rango.",dato,abierta,,,
AN-8-agro-y-alimentos-0033,8,metodologia v0.2,A2,p,S19-R03,"Un registro propio de cortes de 10 años puede leerse como historia propia (jerarquía 2: dos en 36 meses, ancla 4) o como frecuencia medida de jerarquía 1 (4 en 10 años ≈ 0,4 por año ≈ 33% → 3). §3.2 no fija cuántos años-equipo hacen ""muchos"". Se usó historia propia.",metodologia,abierta,,,
AN-8-agro-y-alimentos-0034,8,metodologia v0.2,A2,p,S19-R04,"El registro de litros no recolectados (desde 2025) muestra 4 y 3 días con más del 10% sin recolectar, sin causa registrada. Si fueran cortes rurales, P sería 5 por frecuencia; se contaron sólo los episodios con causa (2026-02) → 4.",dato,abierta,,,
AN-8-agro-y-alimentos-0035,8,metodologia v0.2,A2,p,S19-R05,"El cortocircuito de 2024-09 en un evaporador (""humo sin llama"") puede leerse como ignición (antecedente en 36 meses, ancla 4 y con +1 → 5) o como precursor; se tomó como precursor. Además, la estadística de aseguradores es un dato cuantitativo sectorial (0,12% anual, nivel 1) pero mide incendios con pérdida mayor a USD 1 M, no la ignición, y no se usó para fijar ni ampliar el rango.",metodologia,abierta,,,
AN-8-agro-y-alimentos-0036,8,metodologia v0.2,A11,v_cont,S19-R05,"La evacuación está probada (simulacro 2025-10, 4 min) y actuaría bien sobre Personas (2), pero contra los bienes no hay rociadores y los paneles son combustibles (4). La tabla de §5.5 aplica un único valor de contención a todas las dimensiones; se tomó 3.",metodologia,abierta,,,
AN-8-agro-y-alimentos-0037,8,metodologia v0.2,A6,i_cont,S19-R05,"La ficha calcula la pérdida bruta de interrupción con el 40% de despacho directo funcionando, que es una medida de recuperación (procedimiento escrito, no ensayado). Se sacó del bruto y se cargó en V-recuperación para no contarla en dos factores (§2.2.5); los niveles de I no cambian (econ 5, cont 5).",dato,abierta,,,
AN-8-agro-y-alimentos-0038,8,metodologia v0.2,A6,i_pers,S19-R06,"Las lesiones registradas (atención médica, bajas de 3 y 12 días) ocurrieron con duchas y enfermería actuando; el escenario bruto (D19, sin lavado) es más grave que la historia. Se tomó 3 (incapacidad temporal) como plausible bruto y no la lesión típica registrada (2).",dato,abierta,,,
AN-8-agro-y-alimentos-0039,8,metodologia v0.2,A2,p,S19-E01,"La ficha del escenario cuenta a 2026-02 como uno de ""los dos episodios en que la planta y alguna cuenca se cortaron a la vez"", pero la causa común está definida como daño a la vez a la planta y a las cuencas norte y sur, y en 2026-02 la cuenca norte no se cortó. Con la definición del escenario P es 3 (2020-08); contando 2026-02 como materialización conjunta de R03 y R04, sería 4.",dato,abierta,,,
AN-8-agro-y-alimentos-0040,8,metodologia v0.2,A2,p,S20-R01,"Cuando el nivel lo fija un precursor (ancla 3), §3.4 dice que el ajuste se mide contra ""las condiciones de ese período"", pero los precursores son de 2025-2026 y no hay un período claro. Se aplicó +1 por condiciones posteriores al último precursor (filtro roto desde 2026-08, polvo acumulado, motores sin certificación). También es discutible si el principio de incendio de 2019 en la noria es un precursor o una ignición sin explosión.",metodologia,abierta,,,
AN-8-agro-y-alimentos-0041,8,metodologia v0.2,A10,v_cont,S20-R02,"La ficha pone la termometría como control preventivo y también como contención. Detecta el calentamiento antes de la combustión (evento), así que según el test de §2.2.3 se cargó sólo en P (los cables cortados dieron el +1) y no en V-contención.",dato,abierta,,,
AN-8-agro-y-alimentos-0042,8,metodologia v0.2,A6,i_pers,S20-R02,"En el bruto sin respuesta nadie abre el silo y nadie queda expuesto; la exposición a una explosión aparece con el vaciado, que es la respuesta. Se tomó el vaciado como parte del camino a operar normalmente (§4.1.5) y su peor resultado (heridos del comparable) como máximo.",metodologia,abierta,,,
AN-8-agro-y-alimentos-0043,8,metodologia v0.2,A8,i_cont,S20-R02,"La regla de degradación de §4.4 baja un solo nivel por cualquier pérdida menor a la mitad: un silo de 12 (8-10% del almacenaje) durante 1-5 meses da Continuidad 3, igual que perder el 45% de la función. La profundidad de la degradación no cuenta.",metodologia,abierta,,,
AN-8-agro-y-alimentos-0044,8,metodologia v0.2,A6,i_econ,S20-R04,"El registro de mermas agrega por campaña muchos eventos (bolsas rotas, maíz en espera) y da pérdidas netas de venta con castigo. Se tomó como escenario plausible el episodio típico de una campaña en bruto (1,4-2 veces el neto), no una bolsa rota; la unidad de ""un evento"" no queda definida.",dato,abierta,,,
AN-8-agro-y-alimentos-0045,8,metodologia v0.2,A2,p,S20-R05,"La corrosión medida sin refuerzo y el silo 4 llenado por encima del límite transitorio parecen condiciones peores que lo habitual, pero la ficha dice que no se sabe cómo se comparan con los silos de la región, que es la fuente que fijó el nivel. Sin un hecho comparativo escrito no se aplicó el +1 (P 3; con el ajuste, 4).",dato,abierta,,,
AN-8-agro-y-alimentos-0046,8,metodologia v0.2,A2,p,S20-R06,Las 2 alertas de tara sin explicación de 2026 pueden ser registros indebidos (antecedentes) o precursores. Se tomaron como precursores y se aplicó −1 por los controles nuevos desde 2025; con la otra lectura P quedaría en 4.,dato,abierta,,,
AN-8-agro-y-alimentos-0047,8,metodologia v0.2,A2,i_econ,S21-R01;S21-R02;S21-R04;S21-R08,"F5-1 fija el rango de i_econ por el margen (mínimo con el margen operativo, máximo con la facturación entera) y D8 manda el peor escenario creíble al máximo. Combinadas pueden superar tres niveles (en R01, el granizo del 45% con la facturación entera da 5 y el mínimo es 2), lo que por §9.2 volvería el factor unknown. Se aplicó F5-1 sobre el escenario plausible y el peor escenario quedó sólo en la observación.",metodologia,abierta,,,
AN-8-agro-y-alimentos-0048,8,metodologia v0.2,A6,i_econ,S21-R01,"La ficha presenta como ""escenario de referencia"" el peor granizo registrado (45% de la finca 2). Se tomó como plausible el daño típico del registro (25% de una finca; observados 8-45%), porque §9.1 pide la mejor estimación y no el peor valor; con la referencia de la ficha, econ sería 4 (rango 3-5).",dato,abierta,,,
AN-8-agro-y-alimentos-0049,8,metodologia v0.2,A6,i_cont,S21-R01;S21-R02,"La pérdida de fruta en planta (granizo, helada) degrada la función ""producción de fruta"" toda la campaña, que como interrupción duraría más de 3 meses. Se cargó en Económico (§4.1.3) y Continuidad quedó con lo que pasa al empaque (1); leída como degradación de la producción durante la campaña, Continuidad sería 4.",metodologia,abierta,,,
AN-8-agro-y-alimentos-0050,8,metodologia v0.2,A2,p,S21-R03,"El evento está escrito como ""pérdida de frío o de la atmósfera"", pero el compresor de reserva es contención (F5-2), así que el iniciador implícito (§2.1.3) es la falla del equipo. Así, la falla de 2024-04, contenida por la reserva, es un antecedente dentro de 36 meses (ancla 4). Con el evento tal como está escrito, sólo 2021 cuenta (ancla 3).",dato,abierta,,,
AN-8-agro-y-alimentos-0051,8,metodologia v0.2,A6,i_econ,S21-R04,"Una intercepción rechaza un contenedor (1% del RO); la suspensión exige la tercera de la temporada. Se tomó la suspensión como parte del escenario bruto (sin trazabilidad, la fruta del mismo origen sigue yendo al mercado P y en 2025 hubo dos intercepciones en un mes). Además, la ficha calcula la pérdida con la redirección al mercado Q, que es recuperación; se sacó del bruto. Con la lectura de un solo contenedor, econ 1, cont 1 y legal 1-2.",dato,abierta,,,
AN-8-agro-y-alimentos-0052,8,metodologia v0.2,A2,p,S21-R05,"La ficha llama precursor a la cubierta lisa de 2026-09, que según F5-4A es una condición (un estado). Sin registro propio ni estadística, el nivel sale de accidentes de comparables informados por prensa sin recuento (ancla 3); no se sabe si son ""organizaciones comparables"" o ""sector"" (ancla 2). Se dejó P 3 con rango 2-4.",dato,abierta,,,
AN-8-agro-y-alimentos-0053,8,metodologia v0.2,A2,p,S21-R06,"El estado de alerta gremial con la negociación abierta figura como precursor y como condición causal. Como precursor no cambia el nivel (hay antecedentes); como condición (un estado), da el +1 de §3.4.2. Se tomó como condición (P 5); como precursor, P 4.",dato,abierta,,,
AN-8-agro-y-alimentos-0054,8,metodologia v0.2,A2,p,S21-R07,"Los cargadores con corte por temperatura (30 de 30 desde 2023) no existían durante el antecedente de 2022, pero §3.4.1 exige controles ""verificados"" y la ficha no dice que se hayan verificado. No se aplicó el −1 (P 3); con el ajuste, 2. La estadística de aseguradores mide incendios grandes, no la ignición.",dato,abierta,,,
AN-8-agro-y-alimentos-0055,8,metodologia v0.2,A6,p,S21-R08,"El evento escrito es la entrada en vigor de la exigencia el 2028-04-01, 18 meses después de la fecha de corte: no puede ocurrir en los 12 meses de §3.1, lo que daría P 1 con la consecuencia ya decidida. Se tomó como iniciador implícito (§2.1.3) el incumplimiento del umbral en el monitoreo de 2026-27, que sí cae en la ventana. Así, el plan de adecuación va a P y la separación de fruta a V.",metodologia,abierta,,,
